"property","pathway","estimate","lower","upper","pvalue","fdr","signif"
"Bias_Stdev","hsa00030",-0.0027261414888293,-0.00521078143508608,0.00121348824967059,0.151204686209128,0.290639864016068,FALSE
"Bias_Stdev","hsa00040",-0.00281872025917229,-0.00487603314296706,8.88252581888166e-05,0.0635143004606331,0.191136607122149,FALSE
"Bias_Stdev","hsa00052",-0.0021197209480761,-0.00503440245021515,0.00275668188629922,0.470529047679486,0.634985802208238,FALSE
"Bias_Stdev","hsa00053",-0.00224791213804777,-0.00516208194146605,0.00262900239504832,0.415499075729845,0.577543715264485,FALSE
"Bias_Stdev","hsa00061",-0.00202380456272338,-0.00430743245861839,0.000341945527440879,0.115945712642508,0.280701010630322,FALSE
"Bias_Stdev","hsa00062",-0.00184891002615592,-0.00285260488219284,-0.000564538681477867,0.00337833527798897,0.0173921705052025,TRUE
"Bias_Stdev","hsa00120",-0.00237660066749738,-0.00528837058072742,0.00250271375578695,0.346489591337543,0.510371649900213,FALSE
"Bias_Stdev","hsa00130",-0.00115372079020968,-0.00639702662341801,0.00361809783270607,0.550839042449152,0.677580769030373,FALSE
"Bias_Stdev","hsa00140",-0.00155192748641368,-0.00429876610936607,0.00171612638329259,0.321784500910128,0.48617440898378,FALSE
"Bias_Stdev","hsa00230",-0.00279315995309729,-0.00446751666723883,-0.000960621756729686,0.00460387290642513,0.0220668391032101,TRUE
"Bias_Stdev","hsa00240",-0.00158560721630535,-0.00342870694094203,0.000387675988513324,0.126181929425495,0.290639864016068,FALSE
"Bias_Stdev","hsa00250",-0.00451106703008576,-0.00685705169339595,-1.67744444277122e-05,0.032432443265311,0.121840800375087,FALSE
"Bias_Stdev","hsa00260",-0.00237319331774195,-0.0043002492784688,-0.000135657462842604,0.0146404537499815,0.0678341023749142,TRUE
"Bias_Stdev","hsa00270",-0.00120904415354108,-0.00398168768834597,0.000596824472806679,0.132489608485117,0.290639864016068,FALSE
"Bias_Stdev","hsa00290",-0.00337350498180031,-0.00628661990099994,0.00150446443551443,0.215830934486658,0.365859754800554,FALSE
"Bias_Stdev","hsa00310",0.00107207123213019,-3.6662083867283e-05,0.00267629094961361,0.0486582818297457,0.161035742246063,FALSE
"Bias_Stdev","hsa00330",-0.00331199425532968,-0.00643886603840969,0.00026967768010323,0.0700335280654762,0.194354677717799,FALSE
"Bias_Stdev","hsa00340",-0.00331078401229311,-0.00643886335130261,0.000269695496053936,0.0700165112721238,0.194354677717799,FALSE
"Bias_Stdev","hsa00350",-0.00383395647611395,-0.00639298441578518,7.0455382942939e-05,0.0749035468797217,0.200222942620794,FALSE
"Bias_Stdev","hsa00360",-0.00240492780721643,-0.00531700690548871,0.00247407743102566,0.331616589255979,0.495641998995496,FALSE
"Bias_Stdev","hsa00410",-0.0037078923113103,-0.00611021592296877,-9.71000886640728e-05,0.0245863341598551,0.103560619643026,FALSE
"Bias_Stdev","hsa00480",-0.00328081306256925,-0.00623995794123376,0.00155112639528061,0.222657261791528,0.368444754631219,FALSE
"Bias_Stdev","hsa00500",-0.000577229483873209,-0.00294577168579777,0.00389812231655424,0.746653607607821,0.804533732228582,FALSE
"Bias_Stdev","hsa00561",-0.00171722192280631,-0.00369951433853392,0.00103326954128522,0.220278775826783,0.368444754631219,FALSE
"Bias_Stdev","hsa00562",-0.00124132178383789,-0.00281568457234796,0.000456417455131921,0.165801753319263,0.307285916151701,FALSE
"Bias_Stdev","hsa00564",-0.00205001732109275,-0.0035340495330831,-7.23536182157183e-06,0.0528655005154209,0.17070807098765,FALSE
"Bias_Stdev","hsa00565",-0.00228703916721975,-0.00430840227572447,-6.15469614744983e-05,0.0389563763254966,0.138844520749847,FALSE
"Bias_Stdev","hsa00590",-0.00192174075502083,-0.0043421031461288,0.000853471788548905,0.168175447721439,0.307584042543158,FALSE
"Bias_Stdev","hsa00591",-0.00231059592369853,-0.00489308749714196,0.00075724732437862,0.091748770209153,0.236168130723561,FALSE
"Bias_Stdev","hsa00592",-0.00235724559585469,-0.00441568389320908,4.43757176316618e-05,0.0540370872191122,0.17070807098765,FALSE
"Bias_Stdev","hsa00600",0.00107201737935657,-0.00185092821355596,0.00594015612295841,0.598901473857702,0.723889607532353,FALSE
"Bias_Stdev","hsa00620",-0.000809193728026119,-0.00372425966081308,0.00406682467570129,0.725732095390922,0.788099697338579,FALSE
"Bias_Stdev","hsa00630",-0.000732423700722037,-0.00222575623434057,0.000841327259727578,0.281654952275421,0.436776346582548,FALSE
"Bias_Stdev","hsa00640",-0.00134142405960042,-0.00435846871005541,0.0012006209960499,0.250150168445948,0.404312481557986,FALSE
"Bias_Stdev","hsa00730",-0.000362774261515768,-0.00212873946098463,0.00126318980643287,0.624638197445882,0.727320530349675,FALSE
"Bias_Stdev","hsa00760",-0.00364814552513429,-0.00611058032356022,-6.50118857736317e-05,0.0299144644684837,0.119385040863841,FALSE
"Bias_Stdev","hsa00770",-0.00171736626346571,-0.00462735295339544,0.00316373138311893,0.535882312179609,0.675153181061702,FALSE
"Bias_Stdev","hsa00790",-0.000382162062127538,-0.00188405700844956,0.0010551389207115,0.530106246248723,0.675153181061702,FALSE
"Bias_Stdev","hsa00830",-0.00235928494448287,-0.00526675500865176,0.00252432932786261,0.363074534980443,0.514973064921241,FALSE
"Bias_Stdev","hsa00860",-0.00187472234798997,-0.00478447105296872,0.00300661328354565,0.503359944927192,0.666352688998855,FALSE
"Bias_Stdev","hsa00900",-0.000779953795256264,-0.00294537476611689,0.00184041776274837,0.549628704846362,0.677580769030373,FALSE
"Bias_Stdev","hsa00920",-0.00170586683472171,-0.00423382785659592,0.000729728817788179,0.151623128242277,0.290639864016068,FALSE
"Bias_Stdev","hsa00980",-0.00125639350176096,-0.0026843341973356,0.000719059975974348,0.150471060466525,0.290639864016068,FALSE
"Bias_Stdev","hsa00983",-0.000156213480853156,-0.00125795647940322,0.000764206804331528,0.622345814079578,0.727320530349675,FALSE
"Bias_Stdev","hsa01040",0.000151286372731165,-0.00275697905224672,0.00503410528426765,0.937862596921047,0.965651118311301,FALSE
"Bias_Stdev","hsa01100",-0.0015099516516844,-0.00210065157916783,-0.000982625358141011,8.70531564991788e-08,1.72862696476941e-06,TRUE
"Bias_Stdev","hsa03008",-0.00163456181025909,-0.00372505277147079,0.000979233075630485,0.191015765802085,0.337311414760925,FALSE
"Bias_Stdev","hsa03010",-0.00187539385806848,-0.00256411498811254,-0.00115673363408386,2.40557730204032e-06,3.34375244983604e-05,TRUE
"Bias_Stdev","hsa03013",2.11503239032156e-05,-0.00116729549608352,0.00150151748540825,0.865953042028584,0.898264722701293,FALSE
"Bias_Stdev","hsa03015",0.00201834994147789,0.000578797945841558,0.00390586901784204,0.00319519042085021,0.0170819795576223,TRUE
"Bias_Stdev","hsa03018",0.000469546613493942,-0.00113479955019403,0.00313509384201902,0.521625810552876,0.671351737656016,FALSE
"Bias_Stdev","hsa03020",-0.000455739923513529,-0.00428185653690141,0.00348281884057688,0.708580377096732,0.783169644030525,FALSE
"Bias_Stdev","hsa03022",0.00227079890525961,0.000922729982781063,0.00405289245287018,0.000114880717568269,0.000998026233874336,TRUE
"Bias_Stdev","hsa03040",-0.00122240555518264,-0.00288662620124185,0.0012324927539623,0.276244003371269,0.436339959870527,FALSE
"Bias_Stdev","hsa03050",0.00234838463686839,-0.000629436700951657,0.00716164763556271,0.182360687100547,0.329196565025663,FALSE
"Bias_Stdev","hsa03320",-0.00231010764728362,-0.00522094578250141,0.00257013855401296,0.373784806265793,0.524808970413588,FALSE
"Bias_Stdev","hsa03440",0.00224449023353822,0.00111934721112737,0.0036516125233809,4.52006870682006e-06,5.23574625206657e-05,TRUE
"Bias_Stdev","hsa04010",0.0009821670346751,0.000382136400402376,0.00166936273535476,0.000538478319370542,0.00356421363773835,TRUE
"Bias_Stdev","hsa04020",-0.00164083471202652,-0.00346542150624546,0.000399843489582287,0.13165539887888,0.290639864016068,FALSE
"Bias_Stdev","hsa04060",-0.00013749235892755,-0.00114365927555654,0.000665777761925669,0.630043384426627,0.727320530349675,FALSE
"Bias_Stdev","hsa04062",0.00294695400895282,-4.17177974741487e-05,0.00774936653904022,0.084525659179426,0.221680502376231,FALSE
"Bias_Stdev","hsa04070",-0.00137679116221236,-0.00260976858001501,-1.72042558498277e-05,0.0447793347319466,0.151812866530258,FALSE
"Bias_Stdev","hsa04080",1.64711660490152e-05,-0.00290635546181606,0.00488472887469831,0.992247742807588,0.992247742807588,FALSE
"Bias_Stdev","hsa04115",0.00192450511354905,0.000141438540948566,0.00443102660459413,0.0319196002308431,0.121840800375087,FALSE
"Bias_Stdev","hsa04120",0.00174815451694268,-0.000739007153464107,0.00565844716316414,0.191709365223835,0.337311414760925,FALSE
"Bias_Stdev","hsa04140",0.00176850151132446,0.00132311995416243,0.00221827529906308,8.4905554167083e-22,1.18018720292245e-19,TRUE
"Bias_Stdev","hsa04141",0.0019045395744472,-0.000468084319154243,0.00604680498792547,0.146101179598246,0.290639864016068,FALSE
"Bias_Stdev","hsa04142",0.000778569455716023,-0.00162273543716871,0.00498862843070467,0.612472745297534,0.727320530349675,FALSE
"Bias_Stdev","hsa04144",0.00102459674500434,0.000477271269868585,0.00164814307200657,0.000145439058201765,0.00118917818176738,TRUE
"Bias_Stdev","hsa04146",-0.00327846945433986,-0.00618258247513475,0.00160850186137962,0.244108502020977,0.399189197422539,FALSE
"Bias_Stdev","hsa04150",0.000762963435238846,0.000309902108569797,0.00122465355235434,0.000515785682183868,0.00356421363773835,TRUE
"Bias_Stdev","hsa04210",0.0017241484566147,0.00121789140224762,0.00225504426418594,8.82662534846935e-16,6.1345046171862e-14,TRUE
"Bias_Stdev","hsa04260",-0.00236737323101325,-0.00527870436684949,0.00251237996966488,0.353672357788759,0.510371649900213,FALSE
"Bias_Stdev","hsa04270",-0.00259936008303681,-0.00509987723170189,5.79322688660821e-06,0.0401541721604961,0.139535748257724,FALSE
"Bias_Stdev","hsa04310",-0.0011430578580771,-0.00271358656738194,0.000533561973835097,0.152638201965273,0.290639864016068,FALSE
"Bias_Stdev","hsa04330",0.000464498820388388,-0.00246099634483799,0.00533008799167637,0.822425317479627,0.866038781285364,FALSE
"Bias_Stdev","hsa04340",0.00182467133976171,0.000857095441339581,0.00301958079954045,4.27508654195994e-05,0.000396158019554955,TRUE
"Bias_Stdev","hsa04350",0.00128818280169749,-0.000319314982965607,0.00381710694401641,0.137544383911011,0.290639864016068,FALSE
"Bias_Stdev","hsa04360",0.00153419500648702,0.00087890793143924,0.00224895695008462,1.25918172132466e-07,2.18782824080159e-06,TRUE
"Bias_Stdev","hsa04370",-0.0033128814283248,-0.00638619026366127,0.000266726049638193,0.0713099896662428,0.194354677717799,FALSE
"Bias_Stdev","hsa04380",0.000641928935628635,-0.00235355283335131,0.00543753150316306,0.77591977920931,0.829637302385339,FALSE
"Bias_Stdev","hsa04510",-0.00104551378791422,-0.00256894749499203,0.000893729158829191,0.270473373643279,0.432135619958802,FALSE
"Bias_Stdev","hsa04512",-0.00116834709676815,-0.0029996205275734,0.00145076227534099,0.353843960250334,0.510371649900213,FALSE
"Bias_Stdev","hsa04514",-0.00449015859724556,-0.0074192162845546,0.000371868051959765,0.125134310593967,0.290639864016068,FALSE
"Bias_Stdev","hsa04520",-0.00176416958301025,-0.00474435684495679,0.00304672749155758,0.514793924357043,0.671351737656016,FALSE
"Bias_Stdev","hsa04530",0.00159718512899421,0.00114275961418092,0.00214215940463734,1.815317956402e-14,8.41097319799595e-13,TRUE
"Bias_Stdev","hsa04610",0.000758084623399442,-0.000553822267353061,0.00257604118158212,0.282804828722513,0.436776346582548,FALSE
"Bias_Stdev","hsa04612",-0.000861738663805882,-0.00378155879651878,0.00400952553999559,0.712777647707771,0.783169644030525,FALSE
"Bias_Stdev","hsa04614",0.000105191996805565,-0.00226188962252219,0.0045946207415014,0.945686977764826,0.966547719921403,FALSE
"Bias_Stdev","hsa04620",-0.000149739559014634,-0.00308072065264881,0.00471036368386556,0.959804510139376,0.973816254812943,FALSE
"Bias_Stdev","hsa04621",0.00132410138973954,0.000870139355063576,0.00180794116959756,4.05492331915206e-10,1.12726868272427e-08,TRUE
"Bias_Stdev","hsa04623",0.00155034233226469,0.000145373296252226,0.0036703672412527,0.0215398287125588,0.0965818126143767,TRUE
"Bias_Stdev","hsa04630",0.00206228797365056,0.0010826110149303,0.00312801046013604,8.3331579789422e-07,1.28700995452552e-05,TRUE
"Bias_Stdev","hsa04640",-0.00103123591979561,-0.00286331933282521,0.00162240919859298,0.356158633383602,0.510371649900213,FALSE
"Bias_Stdev","hsa04650",-0.000851386563609452,-0.00378155879651878,0.00400952553999559,0.715557876200551,0.783169644030525,FALSE
"Bias_Stdev","hsa04660",0.00248828451314238,-0.000473322042680409,0.00731776229383396,0.14535385361208,0.290639864016068,FALSE
"Bias_Stdev","hsa04662",0.00263143855136386,-0.000319114812442433,0.00747196952407194,0.117127040406897,0.280701010630322,FALSE
"Bias_Stdev","hsa04664",-0.000323044424572029,-0.00325260674734899,0.00196824228029044,0.633135137930292,0.727320530349675,FALSE
"Bias_Stdev","hsa04666",0.00258593903477704,0.000208619127471581,0.00702695318574373,0.0300609815124779,0.119385040863841,FALSE
"Bias_Stdev","hsa04710",0.00211325873684814,0.000733232180040418,0.00396745046358713,0.000957388044281481,0.00595631168214205,TRUE
"Bias_Stdev","hsa04722",0.00165535560174905,-0.00047638208159772,0.00475539828592138,0.134813521090293,0.290639864016068,FALSE
"Bias_Stdev","hsa04730",-0.00331367173545446,-0.0063861902636694,0.000266665698387312,0.0712761039806257,0.194354677717799,FALSE
"Bias_Stdev","hsa04740",0.0010425554256913,-0.000293492716575336,0.00261645531803624,0.136314587336129,0.290639864016068,FALSE
"Bias_Stdev","hsa04742",-0.000638205856539798,-0.00158804452211878,0.000338184949097923,0.204461288082723,0.350865667203685,FALSE
"Bias_Stdev","hsa04744",-0.00123974932781565,-0.00415350250406889,0.00363758183244548,0.632643795579854,0.727320530349675,FALSE
"Bias_Stdev","hsa04810",0.000318059705294342,-0.00128372015303646,0.00223228925145537,0.583345867956368,0.711272593385396,FALSE
"Bias_Stdev","hsa04910",0.00264574423606735,-0.000319114812442433,0.00747196952407194,0.116741033874776,0.280701010630322,FALSE
"Bias_Stdev","hsa04912",-0.00111557905623384,-0.00488527528593057,0.00227072692541913,0.498933041183784,0.666352688998855,FALSE
"Bias_Stdev","hsa04914",0.0018519665067473,-0.00107316319262082,0.00542430148825643,0.151489316483036,0.290639864016068,FALSE
"Bias_Stdev","hsa04950",-0.000589586020436177,-0.00350808072197556,0.00428300361453881,0.820733910240467,0.866038781285364,FALSE
"Bias_Stdev","hsa04962",0.000897183369947754,-0.00202448748899167,0.0057665968475227,0.660681081931989,0.749350590059639,FALSE
"Bias_Stdev","hsa04971",-0.00449263385373917,-0.00741299653386488,0.000378087802649491,0.155670977730258,0.292408998709539,FALSE
"Bias_Stdev","hsa04974",-0.000462187751563406,-0.00329111689584477,0.00238574030388036,0.663094407031191,0.749350590059639,FALSE
"Bias_Stdev","hsa05010",0.00108417082145485,-0.00075231799834869,0.0037766865901098,0.290337762063738,0.443482955240215,FALSE
"Bias_Stdev","hsa05012",0.000943868249265091,-0.000162947814037228,0.00224662709397742,0.100730161426686,0.254572589787443,FALSE
"Bias_Stdev","hsa05014",0.00154202670654239,-0.00139481288336992,0.0063891746656939,0.430089781861378,0.589554511029154,FALSE
"Bias_Stdev","hsa05016",-0.00237482672575204,-0.00477353703566661,0.0019368415693238,0.194136620158697,0.337312377525736,FALSE
"Bias_Stdev","hsa05020",0.0015320762999316,-0.00140190967082047,0.0063891746656939,0.432622734712041,0.589554511029154,FALSE
"Bias_Stdev","hsa05100",0.000527727357504288,-0.000905782269676903,0.00284361223206002,0.539151101423373,0.675153181061702,FALSE
"Bias_Stdev","hsa05131",-3.38291750834284e-05,-0.0039371306389624,0.00290541224765832,0.985077522053004,0.992215764966431,FALSE
"Bias_Stdev","hsa05140",-0.000517219320942849,-0.00344647443334917,0.0043446099031652,0.84219922354288,0.880193173477145,FALSE
"Bias_Stdev","hsa05145",0.00196424552244742,-5.76105047549612e-05,0.00521389670260818,0.0583964192657952,0.180380050621012,FALSE
"Bias_Stdev","hsa05146",-0.0010396515387206,-0.00396631276958336,0.00382477156693101,0.687509966087516,0.770676494243263,FALSE
"Bias_Stdev","hsa05160",0.00248789416258278,-0.000466225255229859,0.00731776229383396,0.144703770733448,0.290639864016068,FALSE
"Bias_Stdev","hsa05200",0.00115967919613768,0.000833960786131036,0.00148301899619032,9.5246256837976e-14,3.30980742511967e-12,TRUE
"Bias_Stdev","hsa05210",0.00198621215434579,0.0011639587460471,0.00290343048390804,2.45713562672389e-08,5.69236420191034e-07,TRUE
"Bias_Stdev","hsa05211",0.00208209419175714,0.000234651182037227,0.00489182912105123,0.022940426417983,0.0996474772531137,TRUE
"Bias_Stdev","hsa05212",0.00235415168206886,0.00115346101340611,0.0038921032928534,8.75605178670931e-06,9.36223998732764e-05,TRUE
"Bias_Stdev","hsa05213",0.0022882422517135,0.000915220529404588,0.00414103922894283,0.000246562968194061,0.00187883937455128,TRUE
"Bias_Stdev","hsa05214",0.00221166369206768,0.000747968472556806,0.00417926869638441,0.00105476539781305,0.00595631168214205,TRUE
"Bias_Stdev","hsa05215",0.000464281221615749,-0.000872289493627051,0.0021172884403233,0.519271641468907,0.671351737656016,FALSE
"Bias_Stdev","hsa05216",0.00228133646404576,0.000908520475345193,0.00409102547689355,0.000256819770622118,0.00187883937455128,TRUE
"Bias_Stdev","hsa05217",0.00180145985600581,0.000487958618200394,0.0036286877521984,0.00381105050167407,0.018919143561882,TRUE
"Bias_Stdev","hsa05218",0.00220531608130302,0.000745323994375774,0.00417116416741012,0.00107127907952195,0.00595631168214205,TRUE
"Bias_Stdev","hsa05219",0.00236135277022172,-0.000210711930069885,0.006233872882456,0.0646289247103669,0.191136607122149,FALSE
"Bias_Stdev","hsa05220",0.00221554518082662,0.000752568850836191,0.00418320204880435,0.00101363678886996,0.00595631168214205,TRUE
"Bias_Stdev","hsa05221",0.00134036594447561,8.49218904382325e-05,0.00294349193957692,0.0343942858439708,0.125810677166104,FALSE
"Bias_Stdev","hsa05222",0.00204955613810473,0.00101291204581066,0.00340070879967342,1.98081411792682e-05,0.000196666544565591,TRUE
"Bias_Stdev","hsa05223",0.00223107203800364,0.00112551290297688,0.00350570556324446,2.81509387880834e-06,3.55725499231236e-05,TRUE
"Degree","hsa00030",3.00005317645686,0,24.9999596852687,0.05869968642502,0.160737920842621,FALSE
"Degree","hsa00040",3.00001171113864,9.66803484473944e-05,14.9999447104852,0.0205678675093469,0.0867609158360915,TRUE
"Degree","hsa00052",3.00008865679386,0,1701,0.18136669189754,0.307839284057525,FALSE
"Degree","hsa00053",3.00003184401061,0,1701,0.181421945692683,0.307839284057525,FALSE
"Degree","hsa00061",2.00004857423243,-2.95161777012926e-05,10.999982549649,0.129071299589565,0.280326728796087,FALSE
"Degree","hsa00062",2.00000477896945,2.10125892452285e-05,4.99996502123498,0.00356808899769693,0.0219377290559227,TRUE
"Degree","hsa00120",1.0000642350793,-2,1699,0.747271966368098,0.820653891069845,FALSE
"Degree","hsa00130",1.99995187060614,-3.99992100699776,23.0000488073443,0.411772875615516,0.572364297105567,FALSE
"Degree","hsa00140",2.00000197295272,-0.999989238208986,13.999995424382,0.172400375532987,0.307839284057525,FALSE
"Degree","hsa00230",2.00005183247834,6.89318405819287e-05,7.00005785623364,0.00553864290208972,0.0296104370534796,TRUE
"Degree","hsa00240",1.00008019842235,-0.999976751625773,7.00003379150468,0.217696698366458,0.344985461565918,FALSE
"Degree","hsa00250",3.00006050186061,0,24.9999907928258,0.0587007293092799,0.160737920842621,FALSE
"Degree","hsa00260",2.00008148995117,1.30288925415182e-05,8.00001919451382,0.0380344029391536,0.128945902647374,FALSE
"Degree","hsa00270",1.00008389715701,-0.999921180759479,7.00005134794239,0.237764795879159,0.361639047738558,FALSE
"Degree","hsa00290",3.00004050786749,0,1701,0.181307842776476,0.307839284057525,FALSE
"Degree","hsa00310",-3.99991624748479,-9.99992594866911,0.999967782886352,0.117432509651111,0.259097124468324,FALSE
"Degree","hsa00330",3.00000603633089,0,24.999948223958,0.0587501808936939,0.160737920842621,FALSE
"Degree","hsa00340",3.0000189203497,0,24.9999842201525,0.0586713391987527,0.160737920842621,FALSE
"Degree","hsa00350",2.99995678885714,-0.999924641820803,24.0000477858988,0.148732110987517,0.307839284057525,FALSE
"Degree","hsa00360",1.00004376396786,-2,1699,0.747132956800279,0.820653891069845,FALSE
"Degree","hsa00410",3.00001363513975,9.63723988081057e-05,14.999995786808,0.0205827749011138,0.0867609158360915,TRUE
"Degree","hsa00480",3.00003103152756,0,1701,0.181315898087795,0.307839284057525,FALSE
"Degree","hsa00500",-6.63481478374837e-05,-4.99990032144788,21.0000674097656,0.988221968909195,0.988221968909195,FALSE
"Degree","hsa00561",2.00007584293166,-4.9281564327171e-05,10.9999615197616,0.10893427665531,0.252364407584802,FALSE
"Degree","hsa00562",1.0000107029421,-6.78544236178571e-05,5.99998629468235,0.111856647321052,0.254886458649611,FALSE
"Degree","hsa00564",2.99997689683223,5.29380554433662e-05,8.00000253558445,0.0188759631264094,0.0867609158360915,TRUE
"Degree","hsa00565",2.99994596581979,6.53325450212909e-06,9.99997425229339,0.0242635153952059,0.0963608182838177,TRUE
"Degree","hsa00590",1.00007433856072,-0.999964174730647,7.99995132801178,0.190415732134562,0.315092699603621,FALSE
"Degree","hsa00591",2.99996779186019,-3.90008030920226e-05,14.0000517391819,0.083673532710456,0.215381871236174,FALSE
"Degree","hsa00592",2.99995747145317,4.25474344896281e-06,11.0000230043905,0.0302535543126402,0.106586262876218,FALSE
"Degree","hsa00600",-10.9999561005353,-14,1687,0.275709708810896,0.405345168645192,FALSE
"Degree","hsa00620",2.00006945863458,-1,1700,0.482245989491791,0.611297382239211,FALSE
"Degree","hsa00630",3.73710656914177e-05,-1.99997099384955,4.00000777666011,0.805060865375995,0.86746868439739,FALSE
"Degree","hsa00640",1.00000202544753,-1.00005610265089,9.99999725157429,0.34063593916613,0.483146893307062,FALSE
"Degree","hsa00730",2.96773062772351e-07,-1.99998004954032,4.99995243645596,0.623023396391688,0.736747917815336,FALSE
"Degree","hsa00760",3.00004535887132,9.60325425904408e-05,14.9999820991679,0.020597915270439,0.0867609158360915,TRUE
"Degree","hsa00770",2.495179367955e-05,-3,1698,0.967451701474981,0.97930891427553,FALSE
"Degree","hsa00790",1.97476947599481e-05,-1.99995522072353,3.00006038552692,0.613703161475088,0.736747917815336,FALSE
"Degree","hsa00830",3.0000013619509,0,1701,0.181182437863961,0.307839284057525,FALSE
"Degree","hsa00860",1.00005982126823,-2,1699,0.746728567707523,0.820653891069845,FALSE
"Degree","hsa00900",1.00006490566369,-1.00006715632488,9.99995984417787,0.488180513364024,0.611297382239211,FALSE
"Degree","hsa00920",1.99993885995486,-1.00000911849491,10.0000198887923,0.204429559628878,0.334302456334283,FALSE
"Degree","hsa00980",1.00004096803252,-0.999982752074866,6.00001361722162,0.2339477508632,0.361319304110943,FALSE
"Degree","hsa00983",1.58335191249194e-05,-1.99992284354081,2.00002931913111,0.856554631781847,0.897882960578566,FALSE
"Degree","hsa01040",-5.99997669200201,-9,1692,0.428080412088287,0.583364483139921,FALSE
"Degree","hsa01100",1.00005075755058,0.999985602991593,2.99999477552732,9.01198562147527e-06,0.000125266600138506,TRUE
"Degree","hsa03008",2.99998924113075,6.13076561001057e-05,11.0000267162205,0.0430257224422711,0.142394652844659,FALSE
"Degree","hsa03010",1.00004311880295,8.32488752243e-05,2.9999554497351,0.0112426875835092,0.055811913360992,TRUE
"Degree","hsa03013",-5.83131559730417e-05,-2.99992149156517,2.00004085969526,0.840703953405451,0.897741579618808,FALSE
"Degree","hsa03015",-20.999991354777,-37.9999396473812,-3.99997184169148,0.00251305222806583,0.0166340123667215,TRUE
"Degree","hsa03018",-5.00001036241406,-9.00004082726799,3.00004699493908,0.277365813597596,0.405345168645192,FALSE
"Degree","hsa03020",-7.15695350881125e-05,-5.99992220027312,20.9999930506949,0.903064140886785,0.936760564054202,FALSE
"Degree","hsa03022",-14.0000124706636,-23.0000341752995,-8.00007600147262,0.000701659318562493,0.00573709678118745,TRUE
"Degree","hsa03040",1.99997378544507,-0.99999652677183,8.00003363989935,0.2799506200715,0.405345168645192,FALSE
"Degree","hsa03050",-14.999931595512,-18,1683,0.211598511530018,0.342002245379913,FALSE
"Degree","hsa03320",3.0000432946669,0,1701,0.18135861176889,0.307839284057525,FALSE
"Degree","hsa03440",-22.9999929463782,-33.9999605624992,-8.00003458614814,1.72805942634979e-05,0.000218363872966019,TRUE
"Degree","hsa04010",-1.99994178847516,-4.00005790869957,-4.98111430873239e-05,0.0226716208978457,0.0926869207294282,TRUE
"Degree","hsa04020",1.00003829096007,-1.00004179609154,5.99995989953868,0.329213273637961,0.471759227171923,FALSE
"Degree","hsa04060",1.82724805498043e-07,-0.999957099486339,2.0000317902401,0.546538806891016,0.672291098742047,FALSE
"Degree","hsa04062",-188.999971778238,-192,1509,0.0829657545744895,0.215381871236174,FALSE
"Degree","hsa04070",1.99995717983791,5.68999318451416e-05,5.00000313994049,0.0205083599288732,0.0867609158360915,TRUE
"Degree","hsa04080",-1.99998916267033,-5,1696,0.735788623068495,0.820653891069845,FALSE
"Degree","hsa04115",-13.0000478703369,-57.9999710278448,2.1595584983262e-05,0.0656467360415649,0.175478775188029,FALSE
"Degree","hsa04120",-8.9999323147095,-12.9999224284942,11.9999808924308,0.150845878615475,0.307839284057525,FALSE
"Degree","hsa04140",-8.00003343676032,-11.0000915309881,-6.00002952873334,4.48535198591371e-20,6.23463926042005e-18,TRUE
"Degree","hsa04141",-6.00005126054538,-41.9999239321465,9.00001180669991,0.142172922403251,0.302980918228405,FALSE
"Degree","hsa04142",-1.00007597207352,-5.99994982577626,20.9999989603105,0.755710057963598,0.820653891069845,FALSE
"Degree","hsa04144",-3.00002069001898,-4.99999244739145,-1.99996641635645,8.21428317416413e-05,0.00081556097229201,TRUE
"Degree","hsa04146",2.00000763853231,-1,1700,0.480628139454772,0.611297382239211,FALSE
"Degree","hsa04150",-1.99997916800526,-3.99999065949091,-2.54050830945401e-05,0.00185731068725378,0.0129083092764138,TRUE
"Degree","hsa04210",-9.99997245433753,-13.9999763582932,-6.00004864475151,4.94012662867015e-14,2.2889253379505e-12,TRUE
"Degree","hsa04260",1.00005381107804,-2,1699,0.747105993013875,0.820653891069845,FALSE
"Degree","hsa04270",2.9999798095984,6.44447275196776e-05,11.0000435544478,0.0306723058636598,0.106586262876218,FALSE
"Degree","hsa04310",1.99993272587022,-1.26568543048381e-05,6.00000017590333,0.0925262849222043,0.233491732466937,FALSE
"Degree","hsa04330",3.8665023482428e-06,-3,1698,0.972263526403045,0.97930891427553,FALSE
"Degree","hsa04340",-18.0000786034538,-43.9999537687268,-6.00006238696659,8.11509450035609e-05,0.00081556097229201,TRUE
"Degree","hsa04350",-3.0000077991305,-12.000022614477,3.00008477605784,0.22857151454083,0.356982477766016,FALSE
"Degree","hsa04360",-6.99994288239256,-10.0000084783831,-3.9999848921385,4.32241680949306e-07,1.00135989419922e-05,TRUE
"Degree","hsa04370",3.00001635834553,0,24.9999906947601,0.0589750163209232,0.160737920842621,FALSE
"Degree","hsa04380",-1.99993275465959,-5,1696,0.721167725491629,0.820653891069845,FALSE
"Degree","hsa04510",1.99998013805515,-4.53817203413486e-05,6.99999948250091,0.113755499994292,0.255032491922688,FALSE
"Degree","hsa04512",2.00002687031387,-0.999978822601258,10.9999972411718,0.1651966617161,0.307839284057525,FALSE
"Degree","hsa04514",3.00001545286119,0,1701,0.182030408903381,0.307839284057525,FALSE
"Degree","hsa04520",3.0000317314232,0,1701,0.181862894414637,0.307839284057525,FALSE
"Degree","hsa04530",-13.9999693999545,-18.9999813121636,-10.9999688940712,1.72628003064216e-15,1.1997646212963e-13,TRUE
"Degree","hsa04610",-1.99997215905667,-8.99996416472067,2.00002421173185,0.479671642161331,0.611297382239211,FALSE
"Degree","hsa04612",2.00007264640793,-1,1700,0.482955466917254,0.611297382239211,FALSE
"Degree","hsa04614",5.76622787619203e-05,-3,21.9999871870801,0.954741056187901,0.975801520662634,FALSE
"Degree","hsa04620",1.00007954897205,-2,1699,0.751720174634034,0.820653891069845,FALSE
"Degree","hsa04621",-5.99998583793293,-9.00005177568417,-2.99998381641269,8.22880633774785e-08,2.2876081618939e-06,TRUE
"Degree","hsa04623",-10.9999824756127,-20.0000831677782,-0.999952354646325,0.0292478951572786,0.106586262876218,FALSE
"Degree","hsa04630",-13.9999572802785,-23.0000393052242,-8.00003317165499,3.04603217499948e-06,5.29248090406159e-05,TRUE
"Degree","hsa04640",1.99993509959534,-1.00001144910025,10.0000188065883,0.276836805240806,0.405345168645192,FALSE
"Degree","hsa04650",2.00000753055571,-1,1700,0.48414747960159,0.611297382239211,FALSE
"Degree","hsa04660",-18.9999633056203,-22,1679,0.180082554591192,0.307839284057525,FALSE
"Degree","hsa04662",-58.9999644906336,-62,1639,0.0972153026523208,0.233491732466937,FALSE
"Degree","hsa04664",0.999942868078994,-4.00003132860035,6.99998452285749,0.491869372656477,0.611297382239211,FALSE
"Degree","hsa04666",-31.0000123574378,-61.9999218393804,-15.0000055743788,0.0265278877517747,0.102427122152686,FALSE
"Degree","hsa04710",-21.9999469317824,-35.0000487273579,-11.9999701477387,0.000304394014819383,0.00264442300374339,TRUE
"Degree","hsa04722",-3.99996169609271,-18.9999390960011,6.000021555395,0.239358218647103,0.361639047738558,FALSE
"Degree","hsa04730",3.00003949357106,0,24.9999980604906,0.0589757839062853,0.160737920842621,FALSE
"Degree","hsa04740",-2.99997266239366,-20.9999817469611,1.00003541203311,0.183817701991184,0.307839284057525,FALSE
"Degree","hsa04742",1.00002844088247,-6.25380857832489e-05,3.99992463925419,0.0523128128001365,0.160737920842621,FALSE
"Degree","hsa04744",1.00000786046561,-2,1699,0.748003659137065,0.820653891069845,FALSE
"Degree","hsa04810",8.584360385109e-05,-2.00001726662023,3.99994631747452,0.930940784601713,0.958524215256579,FALSE
"Degree","hsa04910",-58.9999303913169,-62,1639,0.0974282049142615,0.233491732466937,FALSE
"Degree","hsa04912",1.00002541946395,-15.0000874715358,11.000015419798,0.420498782699028,0.578706245496682,FALSE
"Degree","hsa04914",-5.00006352972848,-51.9999291818125,9.00001128990309,0.16189376034123,0.307839284057525,FALSE
"Degree","hsa04950",-2.99995293929114,-6,1695,0.625440678433163,0.736747917815336,FALSE
"Degree","hsa04962",-0.999996314267558,-4,1697,0.859125422711865,0.897882960578566,FALSE
"Degree","hsa04971",3.00002797971382,0,1701,0.181607150273786,0.307839284057525,FALSE
"Degree","hsa04974",1.00005913881896,-2.00002407241634,12.999959108095,0.369941932305567,0.519413420105796,FALSE
"Degree","hsa05010",-3.00008246461702,-8.00001571279205,4.0000358786356,0.218408061998567,0.344985461565918,FALSE
"Degree","hsa05012",-1.99997163884471,-7.00003616695993,0.999950032264544,0.143861443187588,0.302980918228405,FALSE
"Degree","hsa05014",-2.9999949930246,-6,1695,0.622092116256502,0.736747917815336,FALSE
"Degree","hsa05016",3.00002377605483,0,24.9999430658964,0.0589414623558651,0.160737920842621,FALSE
"Degree","hsa05020",-2.99999962583365,-6,1695,0.624605002227785,0.736747917815336,FALSE
"Degree","hsa05100",-1.99999491336998,-6.00000183121595,3.99998607131814,0.492556164106415,0.611297382239211,FALSE
"Degree","hsa05131",-1.95547059625706e-05,-188.000037672369,8.0000304402334,0.846072999496862,0.897741579618808,FALSE
"Degree","hsa05140",2.00005819582803,-1,1700,0.48477445545194,0.611297382239211,FALSE
"Degree","hsa05145",-10.0000424605763,-18.0000193410576,5.00291458542112e-05,0.0532609105668128,0.160737920842621,FALSE
"Degree","hsa05146",2.00006399335949,-1,1700,0.484485634469336,0.611297382239211,FALSE
"Degree","hsa05160",-18.9999570964998,-22,1679,0.179131640708563,0.307839284057525,FALSE
"Degree","hsa05200",-2.00001261208364,-3.0000252448229,-1.99995716794333,3.17949001274944e-09,1.10487277943043e-07,TRUE
"Degree","hsa05210",-8.00007162755933,-14.9999343600249,-4.99993093687053,1.54517553524574e-06,3.06827713427369e-05,TRUE
"Degree","hsa05211",-17.0000209464646,-65.9999662108741,-1.00003391344631,0.028926642420656,0.106586262876218,FALSE
"Degree","hsa05212",-16.9999461140678,-29.0000385082772,-7.00001017718548,5.29822050176216e-05,0.000613710541454117,TRUE
"Degree","hsa05213",-14.9999812924345,-26.9999990424111,-5.0000134217132,0.000973105507717877,0.00738256536847962,TRUE
"Degree","hsa05214",-13.0000262128536,-23.000053962574,-4.00002766311991,0.00388045530118727,0.0219377290559227,TRUE
"Degree","hsa05215",-0.999980397777929,-3.00002697676884,2.99993355050638,0.644263283957966,0.752542827480313,FALSE
"Degree","hsa05216",-14.9999975515284,-26.9999703490321,-5.00002637107674,0.00100912764029578,0.00738256536847962,TRUE
"Degree","hsa05217",-12.999953051754,-24.9999534262776,-3.00006265425395,0.00813865160919265,0.0418989842102881,TRUE
"Degree","hsa05218",-13.0000888177235,-23.0000333194736,-4.00001285891965,0.00394563472228826,0.0219377290559227,TRUE
"Degree","hsa05219",-7.00005032367694,-191.999914263569,5.99998987338298,0.0972466669748818,0.233491732466937,FALSE
"Degree","hsa05220",-13.0000324656397,-23.0000081059264,-4.00003900835375,0.00375547431867478,0.0219377290559227,TRUE
"Degree","hsa05221",-2.00000476102228,-5.00002660975729,0.999992380763962,0.107583988109767,0.252364407584802,FALSE
"Degree","hsa05222",-11.0000685698942,-16.9999759223821,-5.99996087572334,9.77542873565162e-05,0.000905856396170383,TRUE
"Degree","hsa05223",-18.0000547815216,-26.999980301084,-11.0000529387137,7.10062355801231e-06,0.000109665186062635,TRUE
"dist_abs","hsa00030",-1.18269532543847e-05,-1.00003994779699,5.32816860199066e-05,0.252879299501027,0.516915038685923,FALSE
"dist_abs","hsa00040",-0.999946976863025,-1.00003266815988,-6.97156027023394e-06,0.0474730707024326,0.212863123472198,FALSE
"dist_abs","hsa00052",-0.999954763853548,-2,2.00004607858881,0.353362406415109,0.621738917616458,FALSE
"dist_abs","hsa00053",-0.999962256173913,-2.00001616761657,0.999990573006854,0.141606561349104,0.354193668186008,FALSE
"dist_abs","hsa00061",-5.48433067758898e-05,-4.95957109507062e-06,2.20058119619825e-05,0.741891457689333,0.8650086579793,FALSE
"dist_abs","hsa00062",-3.79021966633156e-05,-0.99999663249405,-1.69002479041553e-05,0.00120964038885583,0.0152159291611079,TRUE
"dist_abs","hsa00120",2.32723785835448e-06,-1,4,0.385644829571351,0.659314404770958,FALSE
"dist_abs","hsa00130",2.95433653318145e-05,-2.71751636010215e-05,1.00002419398926,0.343083772021703,0.611392875782265,FALSE
"dist_abs","hsa00140",-2.83425161143381e-05,-1.00004753634224,3.92870186693592e-05,0.334874877508646,0.604514389268855,FALSE
"dist_abs","hsa00230",-9.26193394792637e-10,-1.00789271968474e-05,2.24973523922776e-05,0.331944941108849,0.604514389268855,FALSE
"dist_abs","hsa00240",-5.87925658920708e-05,-0.999983616325889,4.70485803695819e-05,0.225338144124725,0.474575788383891,FALSE
"dist_abs","hsa00250",2.99890733313373e-05,-0.999984520882023,1.0000581450957,0.941255609547659,0.969144664645367,FALSE
"dist_abs","hsa00260",-3.18924037566112e-05,-0.999964588902459,3.16088654306448e-05,0.622180762124255,0.809630656032992,FALSE
"dist_abs","hsa00270",-2.04405350161057e-05,-4.85862368557045e-05,6.99448561090549e-05,0.858651701188603,0.918096818963199,FALSE
"dist_abs","hsa00290",-1.00003691085968,-4,3,0.0946350035250372,0.311640404997628,FALSE
"dist_abs","hsa00310",0.999955506512675,4.30549644040141e-05,0.999977620843293,0.000620824668697351,0.00958829210543687,TRUE
"dist_abs","hsa00330",-2.26922974428576e-05,-1.00001722456425,2.52123214063428e-05,0.231620874433124,0.480526888749316,FALSE
"dist_abs","hsa00340",-0.999992786722212,-1.00007778338691,9.08057619212395e-05,0.0768460327912873,0.267039963949723,FALSE
"dist_abs","hsa00350",-8.56310512629392e-05,-0.999992249684125,0.999983312810103,0.921802817067938,0.969144664645367,FALSE
"dist_abs","hsa00360",-0.999995816902705,-1.00000564080593,1.00004059205627,0.276963379273414,0.528746078567623,FALSE
"dist_abs","hsa00410",2.65496812043327e-05,-4.01088431302494e-05,0.99998485015523,0.563501428007221,0.807491737041276,FALSE
"dist_abs","hsa00480",-1.00001137469339,-2.00001903326613,3.59717497709866e-05,0.07491062928172,0.266989165901515,FALSE
"dist_abs","hsa00500",2.22763469892251e-05,-2.76243529251707e-05,0.999980584902771,0.393691335222946,0.659314404770958,FALSE
"dist_abs","hsa00561",-6.50380063229805e-05,-0.999943682193089,6.44549783158598e-05,0.189848216650952,0.425627453459391,FALSE
"dist_abs","hsa00562",-1.68599043290972e-05,-1.76184714041568e-05,4.65515112254541e-05,0.726756298742612,0.85609428411206,FALSE
"dist_abs","hsa00564",-4.5004209677832e-05,-0.999930555374279,3.52797324946309e-05,0.154825900263004,0.35868000227596,FALSE
"dist_abs","hsa00565",-0.999921226945878,-1.00001005793759,-3.04334218729496e-05,0.0219653044817514,0.132746840128845,FALSE
"dist_abs","hsa00590",-6.07384253927066e-05,-0.999945451388975,1.74217196211128e-06,0.600354703308451,0.809630656032992,FALSE
"dist_abs","hsa00591",-1.94139211033207e-05,-0.999962108767792,5.26095594793136e-05,0.553046525535875,0.800765281765486,FALSE
"dist_abs","hsa00592",-0.999949489410578,-1.00002620971758,-5.07169700199797e-05,0.0327455861802771,0.173033748760137,FALSE
"dist_abs","hsa00600",0.99997620528615,-3.31046253749809e-05,2.00001806612738,0.14713049467788,0.354193668186008,FALSE
"dist_abs","hsa00620",4.37506029698958e-05,-2.31965443923788e-05,2.00000893313167,0.442535422693662,0.7236755735814,FALSE
"dist_abs","hsa00630",-8.30818121587137e-05,-4.99598038057345e-05,1.61206425104037e-05,0.636619494800322,0.809630656032992,FALSE
"dist_abs","hsa00640",-3.72107083637671e-05,-0.999939092131623,1.83392104741392e-05,0.37179080069847,0.645986516213591,FALSE
"dist_abs","hsa00730",5.50102323650321e-05,-4.06329919648671e-05,0.999980152266146,0.598528968973045,0.809630656032992,FALSE
"dist_abs","hsa00760",-3.04676709644061e-05,-0.999930148743558,6.23855992655319e-06,0.689666643077799,0.833597072937514,FALSE
"dist_abs","hsa00770",-2.24324019228785e-05,-2,3,0.465692400689971,0.727317344897821,FALSE
"dist_abs","hsa00790",2.45162561116012e-05,-1.48006386530227e-05,4.12992349116913e-06,0.639745196811527,0.809630656032992,FALSE
"dist_abs","hsa00830",-0.999948858405971,-2.00002372529366,8.7428419300025e-06,0.10092817038518,0.311755904078666,FALSE
"dist_abs","hsa00860",-0.999985735790392,-1.00006677372761,0.9999793407593,0.216952666555789,0.467744207469553,FALSE
"dist_abs","hsa00900",-2.82225562329504e-05,-0.999909797736183,0.999997511688703,0.97977136027298,0.989961388982869,FALSE
"dist_abs","hsa00920",-4.81194764097147e-05,-0.999976235946777,2.85468916129203e-05,0.144635925268785,0.354193668186008,FALSE
"dist_abs","hsa00980",-5.99032471770317e-05,-0.999968237822722,-3.00382953734696e-05,0.0458100212916549,0.212253098651335,FALSE
"dist_abs","hsa00983",-5.6226276081493e-05,-5.86373530569795e-05,5.94679743619961e-05,0.940008473181286,0.969144664645367,FALSE
"dist_abs","hsa01040",0.999977642700559,-1,4,0.279835650198256,0.528746078567623,FALSE
"dist_abs","hsa01100",-3.64321436157827e-05,-4.36376554415091e-05,-4.70238844059639e-05,0.00591119313991688,0.0547770564298964,TRUE
"dist_abs","hsa03008",-2.02295361126242e-05,-1.00004070418156,7.44094723282762e-05,0.118130050409443,0.335103612385971,FALSE
"dist_abs","hsa03010",7.95341052632054e-05,8.44256439784119e-06,3.55702572643256e-05,0.0323053152142133,0.173033748760137,FALSE
"dist_abs","hsa03013",2.94678994004855e-05,-5.66423191922238e-05,0.99999595591146,0.142193242954193,0.354193668186008,FALSE
"dist_abs","hsa03015",0.999995301090526,3.92497552250489e-05,1.00001696414914,0.00131360539520356,0.0152159291611079,TRUE
"dist_abs","hsa03018",1.62892546461229e-05,-5.04188913136096e-05,0.999935030698099,0.0591185126524227,0.247537127945893,FALSE
"dist_abs","hsa03020",0.99997337772517,-4.23618599639262e-05,1.99994069153609,0.0645513863476039,0.247537127945893,FALSE
"dist_abs","hsa03022",0.999903791154617,0.999992331843982,1.00006706549398,1.14395513861035e-06,3.27491362498248e-05,TRUE
"dist_abs","hsa03040",3.20426014483488e-05,-1.00819778172099e-05,6.71073902595574e-05,0.93306912082333,0.969144664645367,FALSE
"dist_abs","hsa03050",6.19569946812548e-05,-0.999909021455797,1.00004739237649,0.716597713176075,0.851342582320294,FALSE
"dist_abs","hsa03320",-1.00005137847508,-2.00001021335533,0.999988582095859,0.0969239282519664,0.311640404997628,FALSE
"dist_abs","hsa03440",0.999924178196203,0.999985413665154,1.00004422747958,6.27280081077177e-08,4.35959656348638e-06,TRUE
"dist_abs","hsa04010",-1.62030009874327e-05,-8.56407446009319e-05,6.92527243406063e-05,0.616406014644095,0.809630656032992,FALSE
"dist_abs","hsa04020",5.36317151950962e-06,-4.17957850331024e-05,1.03300249657381e-05,0.505936131467884,0.764403502978651,FALSE
"dist_abs","hsa04060",-6.07652547779091e-05,-2.08537300169846e-05,-5.95979257961404e-06,0.00961015246116043,0.0742117328945166,TRUE
"dist_abs","hsa04062",0.999959828704288,-1,4,0.269920176273094,0.528746078567623,FALSE
"dist_abs","hsa04070",-2.22946105664295e-05,-0.99998027560748,9.64763524311407e-05,0.104419972925076,0.315529918186643,FALSE
"dist_abs","hsa04080",1.25087412233686e-05,-1,1.00002120120618,0.821823753729656,0.888492515885466,FALSE
"dist_abs","hsa04115",2.75775151011192e-05,-1.65424637016064e-05,1.00001726740433,0.28372272602508,0.528746078567623,FALSE
"dist_abs","hsa04120",0.999940416416344,4.29295680539417e-06,1.99996221885534,0.0378094552225365,0.187696938426163,FALSE
"dist_abs","hsa04140",5.53527370128141e-05,4.71152034208065e-05,3.34689604676872e-05,9.64378869648554e-10,1.34048662881149e-07,TRUE
"dist_abs","hsa04141",0.999949835799747,-6.20677885971875e-05,1.00005512339306,0.145454405375264,0.354193668186008,FALSE
"dist_abs","hsa04142",-7.48375800422983e-05,-0.9999208864465,2.35026156786674e-05,0.652364269609317,0.809630656032992,FALSE
"dist_abs","hsa04144",6.15398626494817e-05,2.34702496057314e-05,0.999991923108653,1.17802648380665e-06,3.27491362498248e-05,TRUE
"dist_abs","hsa04146",0.999914453434123,-1,4,0.273664566502092,0.528746078567623,FALSE
"dist_abs","hsa04150",3.91266073439961e-05,-6.47655957928205e-05,1.5558334992828e-05,0.0647600390729049,0.247537127945893,FALSE
"dist_abs","hsa04210",2.79070441600068e-05,5.19270117302988e-05,3.28999340368009e-05,5.19945003313078e-06,0.00012045392576753,TRUE
"dist_abs","hsa04260",-2.61643715687043e-05,-1.0000130241749,2.00000022788099,0.531188198329531,0.785480420934094,FALSE
"dist_abs","hsa04270",-4.87526855710703e-05,-6.82774075807961e-05,3.91313684415977e-05,0.824572191001619,0.888492515885466,FALSE
"dist_abs","hsa04310",-8.1959731924362e-05,-0.999952682198139,7.26268730131158e-05,0.20096509447467,0.443399176698081,FALSE
"dist_abs","hsa04330",-8.40957773331862e-07,-2,4,0.528445427241777,0.785480420934094,FALSE
"dist_abs","hsa04340",2.0940698967655e-05,8.45624240951607e-06,0.999966588681052,0.00298562916475666,0.0296430324215126,TRUE
"dist_abs","hsa04350",0.999957870047966,-2.09508160007759e-05,0.999973055238595,0.0639539650743917,0.247537127945893,FALSE
"dist_abs","hsa04360",1.4809009311487e-05,4.90133209184709e-05,4.33599764007366e-05,0.00164954316270591,0.0176374230473939,TRUE
"dist_abs","hsa04370",-1.00004500983434,-2.00003568438512,-4.10609463656482e-05,0.0191524337401772,0.126770870946887,FALSE
"dist_abs","hsa04380",0.999992461103901,-6.95879508119403e-05,3.00000384772323,0.21872930565123,0.467744207469553,FALSE
"dist_abs","hsa04510",-4.76095008192282e-05,-6.3112558928911e-05,6.7583733879464e-05,0.64681662883688,0.809630656032992,FALSE
"dist_abs","hsa04512",6.52319590403737e-06,-5.05056313799437e-05,0.999952532480811,0.486476376792433,0.751335737490536,FALSE
"dist_abs","hsa04514",-2.44240272690958e-05,-1.00003051622548,1.00006182584402,0.989961388982869,0.989961388982869,FALSE
"dist_abs","hsa04520",-3.78046583213922e-05,-1.0000573762831,1.99998813061542,0.462899272581528,0.727317344897821,FALSE
"dist_abs","hsa04530",4.15376353881356e-05,3.90346618622703e-05,5.19337093093247e-05,6.12038467348807e-07,2.83577823204947e-05,TRUE
"dist_abs","hsa04610",2.2537532481105e-05,-1.13951255840476e-05,0.999990303532614,0.648452820464104,0.809630656032992,FALSE
"dist_abs","hsa04612",0.999948944446229,-0.999929865780912,3.00008686268095,0.150341197287586,0.354193668186008,FALSE
"dist_abs","hsa04614",-0.999969798834351,-1.00004567390012,8.05008282142457e-05,0.128991806928966,0.354193668186008,FALSE
"dist_abs","hsa04620",-0.999999159790801,-2,2.82666324665642e-05,0.115448125449527,0.335103612385971,FALSE
"dist_abs","hsa04621",4.75527949726233e-05,9.71700194110446e-06,5.78447560180555e-05,0.0070646539392954,0.0613741810976288,TRUE
"dist_abs","hsa04623",-4.14410455800685e-05,-3.35389211850632e-05,1.21281222786951e-05,0.587412527066955,0.809630656032992,FALSE
"dist_abs","hsa04630",0.999971966703589,1.45220745228082e-06,0.999987710241702,6.26642716848238e-06,0.000124433339488436,TRUE
"dist_abs","hsa04640",-0.99991395019556,-1.00004052353047,-4.12432381218551e-05,0.0414561450549832,0.198703591815265,FALSE
"dist_abs","hsa04650",-5.28578386789121e-05,-1.00002184041756,2.00004284773882,0.817322617983472,0.888492515885466,FALSE
"dist_abs","hsa04660",0.999987773902524,-6.76174972633099e-05,2.00003487092252,0.147558929858382,0.354193668186008,FALSE
"dist_abs","hsa04662",5.37384558072972e-05,-1.41521430251752e-06,2.00005860023004,0.400613120327173,0.662919330065203,FALSE
"dist_abs","hsa04664",-1.46977585892357e-05,-0.999975164410414,0.999986227658667,0.986258808862068,0.989961388982869,FALSE
"dist_abs","hsa04666",1.00006475733293,2.72988559115925e-05,2.00003707133587,0.0218947462535523,0.132746840128845,FALSE
"dist_abs","hsa04710",2.55470688883133e-05,-5.40715327774884e-05,5.49045523004837e-05,0.272853328829793,0.528746078567623,FALSE
"dist_abs","hsa04722",2.69208470456972e-05,-4.57095607326626e-05,0.99996047685854,0.746770064442561,0.8650086579793,FALSE
"dist_abs","hsa04730",-1.17731928802647e-05,-1.00005586057447,3.62606383445344e-06,0.285294646709149,0.528746078567623,FALSE
"dist_abs","hsa04740",-2.41494817471395e-05,-3.09563048219564e-06,1.42874838890477e-05,0.550917483123542,0.800765281765486,FALSE
"dist_abs","hsa04742",-2.72627415077286e-05,-0.999949204602712,-4.34031470800824e-05,0.00879922947837704,0.0719466410290829,TRUE
"dist_abs","hsa04744",4.13852009642373e-05,-2,4,0.821261278919625,0.888492515885466,FALSE
"dist_abs","hsa04810",1.67636350210281e-06,-3.4452757913299e-05,5.07101842918529e-05,0.904541605596853,0.959780787618035,FALSE
"dist_abs","hsa04910",4.05024206644245e-05,-7.62730555313719e-06,1.99998425707142,0.458855353642304,0.727317344897821,FALSE
"dist_abs","hsa04912",-0.99992912425406,-1.00000582445757,2.46960544691661e-05,0.117266989734195,0.335103612385971,FALSE
"dist_abs","hsa04914",0.999991934382413,-6.39890410039575e-05,1.00007158525592,0.0986487612942131,0.311640404997628,FALSE
"dist_abs","hsa04950",-0.999980210172003,-1.99991663728625,0.999960912170573,0.179597947595013,0.409247782224701,FALSE
"dist_abs","hsa04962",3.25945264410649e-05,-0.999950614807142,1.00000807410321,0.640060919585735,0.809630656032992,FALSE
"dist_abs","hsa04971",5.17166857008486e-05,-2.99093936594911e-05,1.00002653924684,0.686006438957554,0.833597072937514,FALSE
"dist_abs","hsa04974",4.02079929258102e-05,-0.99997874993113,0.999961029186076,0.976072264888652,0.989961388982869,FALSE
"dist_abs","hsa05010",-1.58670202355141e-05,-0.999954107951334,1.02831327283202e-05,0.59398372911178,0.809630656032992,FALSE
"dist_abs","hsa05012",-2.50068920843113e-05,-0.999941773832259,7.00562292526359e-05,0.0601764441743766,0.247537127945893,FALSE
"dist_abs","hsa05014",6.12241880096739e-05,-2.1562379738065e-05,1.00008020313737,0.641863959254692,0.809630656032992,FALSE
"dist_abs","hsa05016",-0.999989598500171,-1.00002648214457,1.06146998345895e-05,0.149235868189707,0.354193668186008,FALSE
"dist_abs","hsa05020",3.01126118166811e-05,-1.00001013678765,2.00001528526749,0.603896457252612,0.809630656032992,FALSE
"dist_abs","hsa05100",9.41438667275259e-06,2.10155858174824e-05,0.999993658479169,0.0314044589493827,0.173033748760137,FALSE
"dist_abs","hsa05131",4.61932726349408e-05,-2.77741680648377e-05,1.00002045399288,0.140104458935044,0.354193668186008,FALSE
"dist_abs","hsa05140",5.95156081816928e-05,-1.00004380755128,1.00003513626662,0.790910130841491,0.886584743443284,FALSE
"dist_abs","hsa05145",4.82292803261309e-05,-3.48848020674974e-05,0.999993056978701,0.659640852801557,0.811416624242623,FALSE
"dist_abs","hsa05146",4.69583647886051e-05,-1.00004909281683,1.00001423869911,0.784522947225612,0.886584743443284,FALSE
"dist_abs","hsa05160",7.75043931883243e-05,-1,1.0000357206315,0.781900067803831,0.886584743443284,FALSE
"dist_abs","hsa05200",1.15893502098143e-05,-7.43484533244485e-05,3.75853918006461e-05,0.49374562514395,0.754182877967133,FALSE
"dist_abs","hsa05210",5.23853100522591e-05,3.94215317483065e-07,0.999986116832217,0.0002364554704228,0.00410841379859615,TRUE
"dist_abs","hsa05211",7.44242230981924e-05,-3.42840204252423e-05,6.31284380075189e-05,0.389511199100422,0.659314404770958,FALSE
"dist_abs","hsa05212",4.02420885060402e-06,1.32621284528761e-05,0.999961264964228,0.017908888030629,0.124466771812872,FALSE
"dist_abs","hsa05213",4.31363580951236e-05,-7.74140798431639e-06,1.22697630773567e-05,0.642932893297602,0.809630656032992,FALSE
"dist_abs","hsa05214",3.98440482350476e-05,-1.65607205422406e-06,3.41821085337091e-05,0.0897431817390646,0.304251274676341,FALSE
"dist_abs","hsa05215",-2.76442595380273e-05,-0.999986902316212,5.03931063189332e-05,0.461996820938846,0.727317344897821,FALSE
"dist_abs","hsa05216",3.36342332645472e-05,-8.93505268823338e-06,3.60581365982583e-05,0.812660348397147,0.888492515885466,FALSE
"dist_abs","hsa05217",-6.90220420715702e-05,-4.80898310951824e-05,1.48954476176471e-05,0.709620279824075,0.850320852547814,FALSE
"dist_abs","hsa05218",6.02432538305071e-05,-4.15511011303772e-05,0.999994544818168,0.0660267368947059,0.247537127945893,FALSE
"dist_abs","hsa05219",0.999989036208065,-7.11110427405522e-05,1.00002506988942,0.0676720205895246,0.247537127945893,FALSE
"dist_abs","hsa05220",0.999980699686023,5.84726955715253e-06,0.999940510618843,0.0109633164330143,0.0802053149573152,TRUE
"dist_abs","hsa05221",-6.09748535344719e-05,-2.11127746314228e-05,3.85963741838112e-05,0.785747027649846,0.886584743443284,FALSE
"dist_abs","hsa05222",4.83697596816988e-05,3.95625630823862e-05,1.63964346571374e-05,0.0336108720613216,0.173033748760137,FALSE
"dist_abs","hsa05223",0.999955299258343,2.33239487387016e-05,0.999974317904338,0.000976470383050927,0.0135729383244079,TRUE
"dist_mean","hsa00030",-0.545453052877162,-1.04550160217056,0.22728817994121,0.129810286877697,0.29202374759709,FALSE
"dist_mean","hsa00040",-0.42862251571412,-0.857191465109112,0.142850663074218,0.109597411305307,0.267263862656801,FALSE
"dist_mean","hsa00052",-0.68419981554072,-1.94736842105263,2.94736842105263,0.187671983479586,0.334441098764903,FALSE
"dist_mean","hsa00053",-0.857113984918091,-2.42857142857143,3.14285714285714,0.182354563992701,0.333912323049637,FALSE
"dist_mean","hsa00061",1.56695594467143e-05,-0.500023553314576,0.500041577570252,0.78734286639987,0.841851218689091,FALSE
"dist_mean","hsa00062",-0.333359024198342,-0.666652330963792,-0.166627171044981,0.0104039564081455,0.0556211515666238,TRUE
"dist_mean","hsa00120",1.28567291428094,-0.857142857142857,4.57142857142857,0.0827214144307439,0.238972081478061,FALSE
"dist_mean","hsa00130",5.27571301096705e-05,-0.50003751219808,0.500037395727867,0.794404701025701,0.842917965210477,FALSE
"dist_mean","hsa00140",-0.500044253420606,-1.43743283593828,0.375009419346179,0.274129845605191,0.43797756941519,FALSE
"dist_mean","hsa00230",-0.0926331913789039,-0.398209701974399,0.185223137417013,0.445606974723366,0.607248720456352,FALSE
"dist_mean","hsa00240",0.0447879945996181,-0.343274820118069,0.388008346537885,0.741078915596736,0.83072555861247,FALSE
"dist_mean","hsa00250",-0.227320213681484,-1.0455370917375,0.636372355687386,0.474139713362552,0.63814669946194,FALSE
"dist_mean","hsa00260",-0.318192898821632,-0.681849564426879,0.0454270988986458,0.0752927396531273,0.23650522075596,FALSE
"dist_mean","hsa00270",0.107151141161213,-0.250040975016534,0.500008869587905,0.534144381554571,0.667088372611723,FALSE
"dist_mean","hsa00290",-1.00003691085968,-4,3,0.0946350035250372,0.25296664403808,FALSE
"dist_mean","hsa00310",0.34214671740578,0.131610416424584,0.605297799181616,0.000930976537448134,0.00688419557056246,TRUE
"dist_mean","hsa00330",-0.58824736827548,-1.08818340879188,0.176450343027005,0.103524054957733,0.266182746871233,FALSE
"dist_mean","hsa00340",-0.444472144314968,-1.11110534561303,0.333365326185446,0.18043963734552,0.333912323049637,FALSE
"dist_mean","hsa00350",-0.124986626226562,-0.687524865360278,0.56258222207269,0.656601486520431,0.754277740713553,FALSE
"dist_mean","hsa00360",-0.625,-1.875,3.125,0.205809431709155,0.348872085458202,FALSE
"dist_mean","hsa00410",-0.187437797481445,-0.812583763252994,0.437517984696495,0.49909566054024,0.648357914159751,FALSE
"dist_mean","hsa00480",-0.814785001274042,-2.18518518518519,2.7037037037037,0.138553501973153,0.302286289454533,FALSE
"dist_mean","hsa00500",-0.124996183335647,-0.562542243867054,0.625083294838639,0.749975793323546,0.833973082175784,FALSE
"dist_mean","hsa00561",-0.303004437961425,-0.727299410674729,0.181791139431546,0.190747297355779,0.335618662436118,FALSE
"dist_mean","hsa00562",2.72808972092877e-05,-0.309525284615414,0.309500464266975,0.971946584840135,0.971946584840135,FALSE
"dist_mean","hsa00564",-0.318168333412449,-0.704625616979164,0.136347351617588,0.151768821625526,0.31023332655806,FALSE
"dist_mean","hsa00565",-0.388972647381133,-0.77779712286865,4.84667628971964e-05,0.0584379494192764,0.193401784982843,FALSE
"dist_mean","hsa00590",-0.259249220424265,-0.70366508201587,0.25928914194681,0.300853482770314,0.469872293315434,FALSE
"dist_mean","hsa00591",-0.300038742826508,-0.900054560136515,0.200005220383744,0.142206426901979,0.302743033916671,FALSE
"dist_mean","hsa00592",-0.499947054813347,-0.874996708944664,-1.85361889165495e-05,0.0398927362798126,0.144327451729328,FALSE
"dist_mean","hsa00600",0.260850100939219,-0.91304347826087,3.78260869565217,0.349867922174771,0.506579595648887,FALSE
"dist_mean","hsa00620",0.10712256014083,-1.35714285714286,3.82142857142857,0.770510236054338,0.839164722638527,FALSE
"dist_mean","hsa00630",0.0625392894557221,-0.187443423621709,0.374997986425564,0.53751005562959,0.667088372611723,FALSE
"dist_mean","hsa00640",0.150088885693768,-0.150056125525027,0.600078492143611,0.334656280041406,0.494864073678249,FALSE
"dist_mean","hsa00730",5.50102323650321e-05,-4.06329919648671e-05,0.999980152266146,0.598528968973045,0.717786629000489,FALSE
"dist_mean","hsa00760",-0.166747349212517,-0.666683656272305,0.333257241966078,0.368547353187349,0.528124557660222,FALSE
"dist_mean","hsa00770",-0.444472681792241,-1.77777777777778,2.88888888888889,0.306682754983182,0.473654477140692,FALSE
"dist_mean","hsa00790",-0.111086369826756,-0.333365839140533,0.222181873233813,0.536917493706794,0.667088372611723,FALSE
"dist_mean","hsa00830",-0.894755934595968,-2.26315789473684,2.63157894736842,0.120604706153032,0.279400902587857,FALSE
"dist_mean","hsa00860",-0.437446112853386,-1.8125,3.125,0.342632847913889,0.501325956421375,FALSE
"dist_mean","hsa00900",-2.97224935682765e-05,-0.54545157013652,0.454590128131028,0.820857674379976,0.864388005597096,FALSE
"dist_mean","hsa00920",-0.499994430166873,-1.00008228652464,3.18940931692075e-05,0.264670517576453,0.432814140507376,FALSE
"dist_mean","hsa00980",-0.272759027455241,-0.81816684642308,0.090956799619049,0.166251062977156,0.320956913247565,FALSE
"dist_mean","hsa00983",3.96009769983969e-05,-0.142917617251086,0.285707494020393,0.730744515018892,0.82580071209452,FALSE
"dist_mean","hsa01040",0.22230974651616,-1,4.11111111111111,0.372484735818112,0.528320186517526,FALSE
"dist_mean","hsa01100",-0.11558336182833,-0.217737977748164,-0.0207481961080768,0.0149443433912452,0.0670085074639703,TRUE
"dist_mean","hsa03008",-0.25758478660315,-0.787915346013926,0.272712191957753,0.268309051990995,0.433662304962189,FALSE
"dist_mean","hsa03010",0.386400188313755,0.0909227809595198,0.704535094318379,0.000941005149932998,0.00688419557056246,TRUE
"dist_mean","hsa03013",0.18108418381542,-0.0434758924054261,0.413083360929592,0.10675388725941,0.266182746871233,FALSE
"dist_mean","hsa03015",0.472912888581798,0.189190896560177,0.824263147587928,0.00282713604230804,0.0187129480895627,TRUE
"dist_mean","hsa03018",0.424203748701244,0.106128861017441,0.86363251623563,0.00581892448310194,0.0337012709646321,TRUE
"dist_mean","hsa03020",0.807759138012642,0.153814134018924,1.65387264797554,0.0267090372014154,0.107441470697467,FALSE
"dist_mean","hsa03022",0.970632016513565,0.705878099304316,1.26465104717633,3.24297096587108e-06,5.00858849173423e-05,TRUE
"dist_mean","hsa03040",0.401580338639809,0.0164560131115227,0.786852180962816,0.0404947526434805,0.144327451729328,FALSE
"dist_mean","hsa03050",1.18609677714564,-0.581395348837209,4.69767441860465,0.0842419567800359,0.238972081478061,FALSE
"dist_mean","hsa03320",-0.812480657679254,-2,2.85416666666667,0.139182176439497,0.302286289454533,FALSE
"dist_mean","hsa03440",0.92587849887799,0.666685276193135,1.14811080128023,1.02463740554443e-07,2.3737433228446e-06,TRUE
"dist_mean","hsa04010",0.121456609109081,-0.0186824605497957,0.23361390824933,0.0872872286897627,0.24265849575754,FALSE
"dist_mean","hsa04020",-0.0534540921361396,-0.389282955056052,0.244299810934726,0.654277002418586,0.754277740713553,FALSE
"dist_mean","hsa04060",-0.176770041837081,-0.348072578909104,-0.0111067375226556,0.0363602426276006,0.136596587168554,FALSE
"dist_mean","hsa04062",1.07095466997403,-0.161290322580645,4.30967741935484,0.0834035767357536,0.238972081478061,FALSE
"dist_mean","hsa04070",-0.156283094926286,-0.484333646029774,0.0781534666067037,0.185623814139542,0.334441098764903,FALSE
"dist_mean","hsa04080",0.214772976469549,-1.03067484662577,3.56441717791411,0.526952045467231,0.667088372611723,FALSE
"dist_mean","hsa04115",0.599989485977522,0.153885560595186,1.04616148090064,0.0135884588755604,0.0651308890932034,TRUE
"dist_mean","hsa04120",0.556401386933387,0.135304481425719,1.33829835815132,0.027053607729578,0.107441470697467,FALSE
"dist_mean","hsa04140",0.421033013065354,0.315829527458506,0.473740095037407,1.77864515886425e-20,2.4723167708213e-18,TRUE
"dist_mean","hsa04141",0.412191983249384,-0.189170300482198,1.16894540875998,0.164162310832331,0.320956913247565,FALSE
"dist_mean","hsa04142",0.305929588188896,-0.164690548091093,1.03532108033459,0.179904516408143,0.333912323049637,FALSE
"dist_mean","hsa04144",0.247163404054161,0.155235945681913,0.35062806931424,1.34423552203351e-06,2.33560921953322e-05,TRUE
"dist_mean","hsa04146",1.23291247407352,-0.232876712328767,4.89041095890411,0.0835735411155941,0.238972081478061,FALSE
"dist_mean","hsa04150",0.214270924536187,0.095276241463045,0.309561796596316,0.000195171593511997,0.00208683473062827,TRUE
"dist_mean","hsa04210",0.473710008992191,0.385984182546791,0.578892740655909,9.63955359068778e-20,6.699489745528e-18,TRUE
"dist_mean","hsa04260",0.0638838124468211,-1.14893617021277,3.57446808510638,0.865064368169471,0.897342889369824,FALSE
"dist_mean","hsa04270",-0.311118399147522,-0.699973643052043,0.133317904756803,0.130255196769925,0.29202374759709,FALSE
"dist_mean","hsa04310",-0.277844353033627,-0.50921579408045,1.65483190891886e-05,0.0501526541233219,0.174280473078544,FALSE
"dist_mean","hsa04330",0.21948882758043,-1.1219512195122,3.70731707317073,0.629955915063758,0.744122534652262,FALSE
"dist_mean","hsa04340",0.499968493584435,0.227289797789149,0.681855416577064,0.000307277132945241,0.00305082296281347,TRUE
"dist_mean","hsa04350",0.608637604489033,0.21737018468265,1.02889383633717,0.0126167531750098,0.0626331675473698,TRUE
"dist_mean","hsa04360",0.313700110286269,0.186183718919586,0.450965066075293,4.04213360074181e-06,5.61856570503111e-05,TRUE
"dist_mean","hsa04370",-0.679198092516596,-1.22639395345527,0.0565376241202796,0.0581712170011749,0.193401784982843,FALSE
"dist_mean","hsa04380",0.187506628393514,-0.919642857142857,3.42857142857143,0.402789424602196,0.565532626461669,FALSE
"dist_mean","hsa04510",-0.175475581283811,-0.456132582998686,0.116898152547016,0.199481828407762,0.342320668502209,FALSE
"dist_mean","hsa04512",-0.129010664638749,-0.499962651625087,0.306385257441441,0.498422105153377,0.648357914159751,FALSE
"dist_mean","hsa04514",-0.259562190410001,-1.67307692307692,3.10576923076923,0.483198405101637,0.639662650563119,FALSE
"dist_mean","hsa04520",-0.130382104889422,-1.21739130434783,3.26086956521739,0.696713936791872,0.793797026344838,FALSE
"dist_mean","hsa04530",0.432818410086696,0.34331394605816,0.522334750699069,1.28856687866471e-18,5.97035987114647e-17,TRUE
"dist_mean","hsa04610",0.265571042423065,-0.124972840216059,0.609393471883076,0.160716487582051,0.319137025341502,FALSE
"dist_mean","hsa04612",-0.234315096575314,-1.390625,3.25,0.596563856644074,0.717786629000489,FALSE
"dist_mean","hsa04614",0.0769361216499745,-1.46154086152792,1.23079036570477,0.965937283655554,0.971946584840135,FALSE
"dist_mean","hsa04620",-0.494247225249755,-1.60919540229885,2.77011494252874,0.298501736450508,0.469872293315434,FALSE
"dist_mean","hsa04621",0.321428499164552,0.214296931632981,0.410693862436267,1.67568950924724e-09,5.82302104463415e-08,TRUE
"dist_mean","hsa04623",0.5384434870937,0.256417499813304,0.846142334498591,0.000415366664225565,0.00360849789545959,TRUE
"dist_mean","hsa04630",0.53636442329637,0.372750551876941,0.718208522968012,1.31988956107542e-07,2.62092355699263e-06,TRUE
"dist_mean","hsa04640",-0.18914957630794,-0.513534450737977,0.24332377510533,0.321706450067597,0.48083007053114,FALSE
"dist_mean","hsa04650",-0.333240739951493,-1.53333333333333,2.83809523809524,0.412554936430191,0.569980170729256,FALSE
"dist_mean","hsa04660",0.541613344580579,-0.604166666666667,3.72916666666667,0.11399831446156,0.27320285707167,FALSE
"dist_mean","hsa04662",0.656718575505439,-0.492537313432836,3.92537313432836,0.0990173930269336,0.259687125108373,FALSE
"dist_mean","hsa04664",-0.103494773268146,-0.655083205237268,0.465550080774245,0.766448286377016,0.839164722638527,FALSE
"dist_mean","hsa04666",0.67858543446144,0.238123612432299,1.40475276311145,0.0199311774160565,0.0865760519009954,TRUE
"dist_mean","hsa04710",0.227321503413977,-0.0908428491448843,0.590887996391393,0.145926498362712,0.302743033916671,FALSE
"dist_mean","hsa04722",0.271880172365954,-0.192954789434078,0.789470481649068,0.182570766559514,0.333912323049637,FALSE
"dist_mean","hsa04730",-0.679230288288391,-1.20753826950287,0.0754268773386575,0.0613426763511871,0.198293767739884,FALSE
"dist_mean","hsa04740",0.107169469082036,-0.249993963122531,0.464287069444732,0.477462278734113,0.63814669946194,FALSE
"dist_mean","hsa04742",-0.352959672867851,-0.5294455702331,-0.176411085935254,0.000669768360281789,0.00547634129877463,TRUE
"dist_mean","hsa04744",0.437492122768866,-0.9375,3.9375,0.218010943532505,0.364655783149895,FALSE
"dist_mean","hsa04810",0.0221838126596928,-0.283400092467039,0.400007842786421,0.896337941071043,0.922896102287963,FALSE
"dist_mean","hsa04910",0.696675811236538,-0.426229508196721,4.04098360655738,0.0923960017480104,0.251824396921048,FALSE
"dist_mean","hsa04912",-0.328913975549664,-0.999962801670711,0.368445518517661,0.414158253551473,0.569980170729256,FALSE
"dist_mean","hsa04914",0.397280749732233,-0.315026668389158,1.16446149717465,0.314631159790773,0.475366643596929,FALSE
"dist_mean","hsa04950",-0.24994075542204,-1.6,3.3,0.59901617959753,0.717786629000489,FALSE
"dist_mean","hsa04962",-0.105206126183216,-1.31578947368421,3.5,0.778793159858777,0.839164722638527,FALSE
"dist_mean","hsa04971",0.017240470083,-1.17241379310345,3.55172413793103,0.970619954750795,0.971946584840135,FALSE
"dist_mean","hsa04974",-0.0227045404037235,-0.681827642616662,0.681775268426192,0.957263245407535,0.971946584840135,FALSE
"dist_mean","hsa05010",-0.0376435867504603,-0.413471689384791,0.390979670792074,0.847801598665198,0.886048287326786,FALSE
"dist_mean","hsa05012",-0.185628282267908,-0.46392822328914,0.10308328367442,0.193580066801903,0.336345366068306,FALSE
"dist_mean","hsa05014",0.255311864986007,-0.957446808510638,3.57446808510638,0.311152718837701,0.475277229872972,FALSE
"dist_mean","hsa05016",-0.613837800468725,-1.01387671000012,0.0965670324832977,0.0765664383742315,0.23650522075596,FALSE
"dist_mean","hsa05020",0.121301708743298,-1,3.51515151515152,0.522627837315373,0.667088372611723,FALSE
"dist_mean","hsa05100",0.370935949964335,0.080640442040392,0.693514729486181,0.022356050124462,0.0941663929484913,TRUE
"dist_mean","hsa05131",0.413874798401826,-0.103515758808863,1.06898817932388,0.159900036045147,0.319137025341502,FALSE
"dist_mean","hsa05140",-0.166722275707616,-1.34848484848485,3.07575757575758,0.648800257734042,0.754277740713553,FALSE
"dist_mean","hsa05145",0.254883919334235,-0.068693780135771,0.784369978579038,0.117983165496509,0.277960339051096,FALSE
"dist_mean","hsa05146",-0.185969898334504,-1.45348837209302,3.2906976744186,0.631701144524942,0.744122534652262,FALSE
"dist_mean","hsa05160",0.429980961280217,-0.69,3.63,0.144707490527487,0.302743033916671,FALSE
"dist_mean","hsa05200",0.0986621855986724,0.0352665313417486,0.165455380462189,0.00218400491410295,0.0151788341530155,TRUE
"dist_mean","hsa05210",0.433294595849206,0.28330875962397,0.583289818187058,3.22932702786429e-08,8.97752913746272e-07,TRUE
"dist_mean","hsa05211",0.421875843165147,0.0468826989794205,0.859412579674142,0.0304395521457783,0.117530493007311,FALSE
"dist_mean","hsa05212",0.4844674812845,0.281303950934767,0.718764178287228,3.97077822491921e-05,0.000459948477719808,TRUE
"dist_mean","hsa05213",0.367316041632617,0.122393983632407,0.653033347090831,0.00536513682862327,0.0324240877903754,TRUE
"dist_mean","hsa05214",0.306491253910256,0.0806416710354499,0.596742694372539,0.0119584660871825,0.0615639550414211,TRUE
"dist_mean","hsa05215",-0.0476657757007334,-0.559535782382581,0.238066906471125,0.77526520689658,0.839164722638527,FALSE
"dist_mean","hsa05216",0.379340732120187,0.137919324581325,0.689675201696592,0.00465135096309668,0.02938808108502,TRUE
"dist_mean","hsa05217",0.149963950719223,-0.0999406274102517,0.425029666383047,0.220367523630152,0.364655783149895,FALSE
"dist_mean","hsa05218",0.272785055819674,0.0726792296491998,0.563658090505983,0.0144139793962607,0.0667847712026748,TRUE
"dist_mean","hsa05219",0.638854229329321,-0.111175901311808,1.41662578597219,0.107239092264669,0.266182746871233,FALSE
"dist_mean","hsa05220",0.323573117286021,0.0882048077814161,0.602896152352687,0.0101963948240667,0.0556211515666238,TRUE
"dist_mean","hsa05221",0.0727165446352649,-0.181754883316757,0.309106686974529,0.589122208405264,0.717786629000489,FALSE
"dist_mean","hsa05222",0.368366608683572,0.171046624353905,0.592074694432847,0.000357423460336055,0.00331212406578077,TRUE
"dist_mean","hsa05223",0.480757761415812,0.288454358333345,0.692366201946697,7.02144966114796e-06,8.87255911726879e-05,TRUE
"PageRank","hsa00030",8.67757274094051e-05,-8.25824243533666e-06,0.000162820719968694,0.108676108273379,0.259661376193626,FALSE
"PageRank","hsa00040",8.68216219625669e-05,-8.22689922615484e-06,7.03524163459954e-05,0.0501290070341122,0.162044929714921,FALSE
"PageRank","hsa00052",8.8353501460968e-05,-6.64468443913479e-06,0.0121525885214802,0.32534817623518,0.48627308060957,FALSE
"PageRank","hsa00053",9.13157284264454e-05,-3.67828117821136e-06,0.0121555549247411,0.156239108473359,0.321047360276503,FALSE
"PageRank","hsa00061",7.81853410846166e-05,-1.69354924846392e-05,5.75406339630389e-05,0.0695141418193741,0.201301369018604,FALSE
"PageRank","hsa00062",3.30380453887914e-05,1.50275176626219e-05,6.09443016067938e-05,0.273113265150743,0.423347558885814,FALSE
"PageRank","hsa00120",8.49475670662866e-05,-1.00464425383701e-05,0.012149186763381,0.463913177580734,0.617820726945778,FALSE
"PageRank","hsa00130",6.88352606666542e-05,-2.63343785111756e-05,0.000145000112247019,0.365310917240431,0.527676347128774,FALSE
"PageRank","hsa00140",5.76249376602338e-05,-3.76322730924121e-05,0.000119871436942919,0.622429423265968,0.727039410369492,FALSE
"PageRank","hsa00230",6.11015302642934e-05,1.58434630345131e-05,3.25352363252889e-05,0.00189085367851052,0.0114273331005636,TRUE
"PageRank","hsa00240",6.11017035624586e-05,-3.41565369654869e-05,3.54825612640924e-05,0.0457818317783593,0.151516062314094,FALSE
"PageRank","hsa00250",9.23683642754564e-05,-2.64576097871713e-06,0.000168397477647257,0.0257798041156927,0.105078438629842,FALSE
"PageRank","hsa00260",8.24491214982364e-05,-1.26423628631189e-05,5.6869198027258e-05,0.00735441604016035,0.0365094224850817,TRUE
"PageRank","hsa00270",4.11082584713088e-05,-5.43133669605344e-05,8.51924514349939e-05,0.641733050518412,0.735741008539767,FALSE
"PageRank","hsa00290",8.94346737732245e-05,-5.5635055269377e-06,0.0121536697003924,0.27069222816904,0.423347558885814,FALSE
"PageRank","hsa00310",-3.62400498835632e-05,-4.9552289142152e-05,2.59327018166967e-05,0.16130522666129,0.324948210230714,FALSE
"PageRank","hsa00330",8.90365049035938e-05,-6.00169074880503e-06,0.000165096219480947,0.0541604215865034,0.166576612291591,FALSE
"PageRank","hsa00340",8.90365003087855e-05,-6.00169074880503e-06,0.000165096159657881,0.0541241390646436,0.166576612291591,FALSE
"PageRank","hsa00350",8.91598153544706e-05,-5.84978700602358e-06,0.000165196615630101,0.0945019217879551,0.246212227737025,FALSE
"PageRank","hsa00360",8.72550551992752e-05,-7.74312666505042e-06,0.0121514900792543,0.37809419850194,0.536276465222139,FALSE
"PageRank","hsa00410",8.9035805465219e-05,-6.00169074880503e-06,7.25685197060407e-05,0.0204024480978161,0.089887550813943,TRUE
"PageRank","hsa00480",8.99397317028131e-05,-5.05427790249011e-06,0.0121541789280169,0.247389911872713,0.406597810754368,FALSE
"PageRank","hsa00500",3.86434678076086e-05,-5.65674368916322e-05,0.000114841357493942,0.573358287915335,0.681368625015049,FALSE
"PageRank","hsa00561",4.81257343595054e-05,2.79407592540048e-06,0.000102076520287548,0.261236638336418,0.421037679372985,FALSE
"PageRank","hsa00562",3.22594128237506e-05,-3.65672216680897e-05,5.48739781669884e-05,0.42796291833023,0.588978669781208,FALSE
"PageRank","hsa00564",8.1025958477838e-05,-1.40525381275415e-05,5.54551738796677e-05,0.0286135876713295,0.110480241286522,FALSE
"PageRank","hsa00565",8.24738433896514e-05,-1.26143015446956e-05,5.89965012911884e-05,0.0198431590697275,0.089887550813943,TRUE
"PageRank","hsa00590",2.50610108396417e-05,-3.8517461284457e-05,7.25353078747543e-05,0.157059140279153,0.321047360276503,FALSE
"PageRank","hsa00591",8.24536526213746e-05,-1.26143015446956e-05,6.5981075331371e-05,0.0907048892378303,0.242461146231893,FALSE
"PageRank","hsa00592",8.24533044572924e-05,-1.26143015446956e-05,6.18201513709527e-05,0.0416961436013456,0.142568199318075,FALSE
"PageRank","hsa00600",-0.000213587111397726,-0.000308585298767321,0.011850647907152,0.111943160574513,0.259661376193626,FALSE
"PageRank","hsa00620",8.01436359507223e-05,-1.48503736546133e-05,0.0121443828322647,0.651051396045981,0.735741008539767,FALSE
"PageRank","hsa00630",3.48559901233296e-05,-1.0606963204608e-05,7.08797326141834e-05,0.224255288082088,0.375560060763979,FALSE
"PageRank","hsa00640",6.44935898277447e-05,-3.07369868701353e-05,4.38193381656067e-05,0.219860507612104,0.375560060763979,FALSE
"PageRank","hsa00730",2.15442688190645e-05,-2.39961635690839e-05,5.9782623335504e-05,0.55725080025114,0.68077630762168,FALSE
"PageRank","hsa00760",8.91680135132945e-05,-5.85779868098737e-06,7.27027448191997e-05,0.0252439289479522,0.105078438629842,FALSE
"PageRank","hsa00770",8.39918741600037e-05,-1.10021354447176e-05,0.0121482310704746,0.494446265543219,0.639004748509621,FALSE
"PageRank","hsa00790",4.55797648766184e-05,-2.78629257728975e-05,2.62680312985626e-05,0.440202164135017,0.599883341321249,FALSE
"PageRank","hsa00830",8.80749188195646e-05,-6.91909078547966e-06,0.0121523141151339,0.343338074209675,0.507702045905796,FALSE
"PageRank","hsa00860",6.78280310881021e-05,-2.71659785168452e-05,0.0121320672274025,0.968670427323066,0.97836138305354,FALSE
"PageRank","hsa00900",5.25641921516318e-05,-4.26976939533622e-05,0.000106475452888965,0.50431674405663,0.643119517650198,FALSE
"PageRank","hsa00920",7.09449296184843e-05,-2.42307931264941e-05,5.02883086272363e-05,0.104493894609281,0.254818444748948,FALSE
"PageRank","hsa00980",4.85256688928982e-05,-4.67962786359226e-05,2.12563975596331e-05,0.466699110282782,0.617820726945778,FALSE
"PageRank","hsa00983",4.87922470039461e-05,-4.21008099862516e-05,4.87152812903815e-05,0.868932290859633,0.915012033556734,FALSE
"PageRank","hsa01040",5.15366215671842e-05,-4.34615639657072e-05,0.0121157716419536,0.645862616522819,0.735741008539767,FALSE
"PageRank","hsa01100",1.50167434005408e-06,2.5323601283425e-05,4.86803699641293e-05,0.000126224855937777,0.00109657843595944,TRUE
"PageRank","hsa03008",6.68111378080695e-05,-2.8371423720296e-05,4.61473016471844e-05,0.197371575774421,0.356294143281097,FALSE
"PageRank","hsa03010",4.63687203686718e-05,2.2306784032252e-05,7.33221240749175e-06,0.000135307144288976,0.00110633488565692,TRUE
"PageRank","hsa03013",1.72039523038948e-05,-3.42986812981653e-05,4.84337556880104e-05,0.831362004251095,0.899798414115995,FALSE
"PageRank","hsa03015",-0.000138278782237575,-0.000243236329277903,-1.27332853958813e-07,0.00509222807471886,0.0262155445328119,TRUE
"PageRank","hsa03018",2.60483491540534e-05,-4.05363449411869e-05,7.35050576796981e-05,0.480133360335785,0.629608840440322,FALSE
"PageRank","hsa03020",6.10386069681372e-05,-3.41565369654869e-05,0.000137223878327613,0.690546543633839,0.774080399718577,FALSE
"PageRank","hsa03022",-5.51680505663733e-05,-0.00012449995620287,-3.21115921811989e-05,0.000876830059998962,0.00601676214511156,TRUE
"PageRank","hsa03040",7.98538979833428e-05,-1.52373920393383e-05,5.63758186228217e-05,0.112084047277824,0.259661376193626,FALSE
"PageRank","hsa03050",-2.93614626134925e-05,-0.000124359657346084,0.0120348735485733,0.204613582919112,0.36328131058851,FALSE
"PageRank","hsa03320",8.96050750767815e-05,-5.38893452920418e-06,0.0121538442713901,0.263527180614746,0.421037679372985,FALSE
"PageRank","hsa03440",-0.000137103695909764,-0.00019143116323949,-7.12422150651707e-05,1.07061442140927e-05,0.000129779388148124,TRUE
"PageRank","hsa04010",-5.40358530344589e-05,-6.06340443526475e-05,3.43219695772102e-06,0.000232652751868634,0.00179659625054112,TRUE
"PageRank","hsa04020",7.02693007193038e-05,-3.15538535356719e-05,7.33941461201702e-05,0.316732752252585,0.47854187568597,FALSE
"PageRank","hsa04060",1.04692898437684e-05,-7.21250286435593e-06,2.3638405932074e-05,0.968477356575454,0.97836138305354,FALSE
"PageRank","hsa04062",-0.00137645009127607,-0.00147144410069732,0.010687789105222,0.0846924324265995,0.230828394260732,FALSE
"PageRank","hsa04070",6.13165560812215e-05,2.71067989053029e-05,2.92497920920046e-05,0.145112694167765,0.310317915220298,FALSE
"PageRank","hsa04080",7.81517476567657e-05,-1.68422619530254e-05,0.0121423909439663,0.724766745311651,0.805940620786556,FALSE
"PageRank","hsa04115",-0.000136274242061199,-0.00053562818919459,2.69983991519374e-05,0.0410406956069662,0.142568199318075,FALSE
"PageRank","hsa04120",7.74323519044679e-06,-8.76822696264365e-05,8.41015219514953e-05,0.354477337135727,0.518656314335432,FALSE
"PageRank","hsa04140",-8.49849986704017e-05,-0.000106639962221679,-5.02208899404062e-05,1.22013178887504e-21,1.6959831865363e-19,TRUE
"PageRank","hsa04141",-8.45242710526704e-06,-0.000103867016319593,6.79085818877108e-05,0.209082768684034,0.36328131058851,FALSE
"PageRank","hsa04142",3.51157898459733e-05,-6.01358771049761e-05,0.000111335020557681,0.573526108825617,0.681368625015049,FALSE
"PageRank","hsa04144",-4.17226717392743e-05,-4.19253478760944e-05,1.01307022893302e-05,1.08465219237856e-05,0.000129779388148124,TRUE
"PageRank","hsa04146",8.75121639230437e-05,-7.48184568375938e-06,0.0121517513602356,0.368234573176195,0.527676347128774,FALSE
"PageRank","hsa04150",-4.6184425622064e-05,-2.95218535273875e-05,-9.70460135463419e-06,7.1174953186806e-06,0.000109925761032956,TRUE
"PageRank","hsa04210",-8.25810664944668e-05,-0.000128680569662849,-5.08028553127686e-05,8.7646914916771e-15,4.06097372447706e-13,TRUE
"PageRank","hsa04260",8.67089085695442e-05,-8.28510103640882e-06,0.0121509481048829,0.395865404115808,0.555811021940377,FALSE
"PageRank","hsa04270",7.53329458985e-05,-1.9810355736381e-05,5.46833996880047e-05,0.0363833405393632,0.133086429867671,FALSE
"PageRank","hsa04310",3.31294619704021e-05,-1.23404693019402e-05,7.1339714213996e-05,0.174264512041648,0.331818728408069,FALSE
"PageRank","hsa04330",6.36980360343609e-05,-3.13001579607631e-05,0.0121279330479586,0.855812047329394,0.908075378464013,FALSE
"PageRank","hsa04340",-0.000133798117646517,-0.000314731019186303,-6.31811506413259e-05,7.94947018303518e-05,0.000789268825315636,TRUE
"PageRank","hsa04350",-6.34802032281828e-05,-0.000100610765830062,6.67451465907059e-05,0.193971409905615,0.355549530776367,FALSE
"PageRank","hsa04360",-5.56925101439534e-05,-0.000130388590583337,-1.25656084188676e-05,1.11507994107965e-08,2.58326853016785e-07,TRUE
"PageRank","hsa04370",8.76768470380767e-05,-7.35068814527185e-06,0.000163728005198616,0.0974221044995731,0.246212227737025,FALSE
"PageRank","hsa04380",3.01944271865487e-05,-6.48037931488174e-05,0.0120944294127705,0.415291207921527,0.577254779010922,FALSE
"PageRank","hsa04510",6.33721919930393e-05,-3.18648393217233e-05,3.61272852946113e-05,0.165030986083758,0.327704386652034,FALSE
"PageRank","hsa04512",7.46533937885795e-05,-2.04588451804618e-05,5.40105770783969e-05,0.295165728438136,0.450857541240669,FALSE
"PageRank","hsa04514",9.31302691753309e-05,-1.86374043249329e-06,0.0121573694654869,0.128569538629746,0.279236966711479,FALSE
"PageRank","hsa04520",8.99503105602296e-05,-5.04369904644231e-06,0.0121541895068729,0.248638949022455,0.406597810754368,FALSE
"PageRank","hsa04530",-0.000114964646459675,-0.00014364931926502,-4.16430154361764e-05,3.14712143525729e-14,1.09362469875191e-12,TRUE
"PageRank","hsa04610",-6.90363905719468e-05,-0.000127142541274688,6.27188427614858e-05,0.156376261881404,0.321047360276503,FALSE
"PageRank","hsa04612",6.69322844511643e-05,-2.80659180405568e-05,0.0121311672878788,0.94417954121494,0.972155231325012,FALSE
"PageRank","hsa04614",3.98567485787467e-05,-5.52711970544113e-05,0.000115976939971424,0.466053453458773,0.617820726945778,FALSE
"PageRank","hsa04620",5.84403592482218e-05,-3.65578517746706e-05,0.0121226753541447,0.753377565647686,0.824562847441168,FALSE
"PageRank","hsa04621",-2.15426930230673e-05,-5.2875861588016e-05,-5.37954279064955e-05,1.37697031592835e-09,3.82797747828081e-08,TRUE
"PageRank","hsa04623",-2.78907048838908e-05,-8.32824808780357e-05,-8.63637707643037e-06,0.0581175339824909,0.171879515395026,FALSE
"PageRank","hsa04630",-0.000123856655453901,-0.000221930789592063,-7.1901846086884e-05,1.1055533049078e-06,1.9208988672773e-05,TRUE
"PageRank","hsa04640",7.21890551668647e-05,-2.29339951759932e-05,5.15381381055781e-05,0.274109930213836,0.423347558885814,FALSE
"PageRank","hsa04650",6.69322996831581e-05,-2.80659180405568e-05,0.0121311672878788,0.941412922574604,0.972155231325012,FALSE
"PageRank","hsa04660",-5.45947927946386e-05,-0.000149593007165273,0.0120096401987541,0.172229795928226,0.331818728408069,FALSE
"PageRank","hsa04662",-0.000140145594306611,-0.000235143797909129,0.0119240894080102,0.126790170487587,0.279236966711479,FALSE
"PageRank","hsa04664",-5.34554506428113e-05,-2.51958569666406e-05,9.00114867160955e-05,0.971322811952435,0.97836138305354,FALSE
"PageRank","hsa04666",-0.000147074288685459,-0.000242124939773329,-7.10046018411701e-05,0.0304243940840404,0.114297048045449,FALSE
"PageRank","hsa04710",-9.22252160994319e-05,-0.000192865629450109,-8.23543751142639e-05,0.000314678835425623,0.00230212411179798,TRUE
"PageRank","hsa04722",-5.3736258846721e-05,-8.28891884671642e-05,7.08413143344718e-05,0.194401182294992,0.355549530776367,FALSE
"PageRank","hsa04730",8.76768470380767e-05,-7.35068814527185e-06,0.000163728005198773,0.0974221045002618,0.246212227737025,FALSE
"PageRank","hsa04740",-3.84704815752818e-05,-0.000158710012404656,1.7647097178406e-05,0.0767516076892016,0.21336946937598,FALSE
"PageRank","hsa04742",5.64876861042987e-06,5.46839735902246e-06,3.05125957684241e-05,0.496492898122583,0.639004748509621,FALSE
"PageRank","hsa04744",8.35188782486535e-05,-1.14793065500087e-05,0.0121477538993693,0.515868651193263,0.65187038650785,FALSE
"PageRank","hsa04810",-1.20389706893898e-06,-6.30219602887991e-05,5.88010290326084e-05,0.74909131368055,0.824562847441168,FALSE
"PageRank","hsa04910",-0.000140145573837204,-0.000235143797909129,0.0119240894080102,0.126123205799308,0.279236966711479,FALSE
"PageRank","hsa04912",-5.00895658928936e-05,-7.86509879378301e-05,6.7173521033089e-05,0.567031440305618,0.681368625015049,FALSE
"PageRank","hsa04914",-6.36408877458096e-05,-0.000381906737341673,4.4217073527815e-05,0.223094381279999,0.375560060763979,FALSE
"PageRank","hsa04950",6.85505252704682e-05,-2.64434843346084e-05,0.0121327897215847,0.985177070043226,0.985177070043226,FALSE
"PageRank","hsa04962",5.07608243460783e-05,-4.42331852595819e-05,0.0121150000206598,0.63090005512339,0.73079256385126,FALSE
"PageRank","hsa04971",9.41625287084716e-05,-8.35671563421326e-07,0.0121583975343559,0.103677664349886,0.254818444748948,FALSE
"PageRank","hsa04974",2.71073987128137e-05,-6.83609829345518e-05,8.94919006630383e-05,0.896519725516764,0.936964224412258,FALSE
"PageRank","hsa05010",-3.34652183182789e-05,-7.92253315213059e-05,2.07281101954458e-05,0.207177226990659,0.36328131058851,FALSE
"PageRank","hsa05012",-7.85652753087845e-05,-9.70182476979166e-05,-2.86124876197298e-05,0.02069353687803,0.089887550813943,TRUE
"PageRank","hsa05014",4.46938349916349e-05,-5.03043612166713e-05,0.0121089288447027,0.547856259621236,0.68077630762168,FALSE
"PageRank","hsa05016",8.68139406246952e-05,-8.20004793114891e-06,0.000162842951128071,0.181299094978773,0.340548300027696,FALSE
"PageRank","hsa05020",4.46938298311805e-05,-5.03043612166713e-05,0.0121089288447027,0.550383382841778,0.68077630762168,FALSE
"PageRank","hsa05100",2.24609321063856e-05,-7.30935801067721e-05,6.66177848478714e-05,0.586137000917229,0.690449518029618,FALSE
"PageRank","hsa05131",-2.93960010110702e-05,-0.00141664882635195,6.76979558898799e-05,0.83506471525873,0.899798414115995,FALSE
"PageRank","hsa05140",8.25217653255725e-05,-1.24722442810011e-05,0.0121467609616383,0.558334525675334,0.68077630762168,FALSE
"PageRank","hsa05145",-5.36823985557306e-05,-8.29774530537564e-05,8.97941036936294e-06,0.125289482058318,0.279236966711479,FALSE
"PageRank","hsa05146",7.45351644267684e-05,-2.04588451804618e-05,0.0121387743607389,0.851760191478439,0.908075378464013,FALSE
"PageRank","hsa05160",-5.45947913050404e-05,-0.000149593007165273,0.0120096401987541,0.171500628623216,0.331818728408069,FALSE
"PageRank","hsa05200",-3.745477014794e-05,-1.77883367756015e-05,-2.21591555039853e-05,5.98521163551585e-16,4.15972208668351e-14,TRUE
"PageRank","hsa05210",-8.5435998447885e-05,-9.22157290746675e-05,-1.31380935262695e-05,4.49770550649664e-07,8.93115807718619e-06,TRUE
"PageRank","hsa05211",-0.00011359621071911,-0.000421752604742225,-3.18444727135656e-06,0.0420524904463387,0.142568199318075,FALSE
"PageRank","hsa05212",-7.84637121891246e-05,-0.000206260634013276,-4.1012435911661e-05,4.92437552578079e-05,0.000526529383141177,TRUE
"PageRank","hsa05213",-9.8401993542281e-05,-0.000177103953385416,-1.76668912489113e-05,0.000917686140955026,0.00601676214511156,TRUE
"PageRank","hsa05214",-8.78731578414939e-05,-0.000182126846052991,-4.997632520199e-06,0.00359504824955387,0.0194919383166201,TRUE
"PageRank","hsa05215",1.36112685793954e-05,-5.65354533328391e-05,3.62586446576644e-05,0.055126073132469,0.166576612291591,FALSE
"PageRank","hsa05216",-9.83316372292616e-05,-0.000176959909033037,-1.76669800897453e-05,0.000952293289154347,0.00601676214511156,TRUE
"PageRank","hsa05217",-8.3601128207527e-05,-0.000135135065739154,-2.49842262216251e-05,0.00998129075296898,0.0478413591262996,TRUE
"PageRank","hsa05218",-8.78731653911526e-05,-0.000182068376915134,-4.99764618063734e-06,0.00364597407361239,0.0194919383166201,TRUE
"PageRank","hsa05219",-0.000124690378879793,-0.00147144410069732,4.81930689426974e-06,0.0717006288772929,0.203395661509055,FALSE
"PageRank","hsa05220",-8.7873151362925e-05,-0.000182283761882114,-4.99762080384281e-06,0.00348050931763692,0.0194919383166201,TRUE
"PageRank","hsa05221",2.2123103946965e-05,-3.34809196731177e-05,3.78285566447546e-05,0.0264585996549963,0.105078438629842,FALSE
"PageRank","hsa05222",-8.4454366285388e-05,-0.00010470572462385,-5.55099869074962e-05,0.000113537774173495,0.00105211670734105,TRUE
"PageRank","hsa05223",-0.000140208332670435,-0.000156673555362065,-4.80158358523762e-05,1.12039759552337e-05,0.000129779388148124,TRUE
